GEOID,community_louvain,community_leiden,median_household_income,median_housing_value,median_age,pct_unemployed,pct_transit,pct_bachelors,pct_white,pct_black,pct_hispanic
170314005002,4,6,,718800.0,26.0,0.0,0.23684210526315788,0.16859122401847576,0.05548996458087367,0.9445100354191264,0.0
170314804006,2,8,102770.0,215600.0,48.2,0.0,0.05934065934065934,0.29234629861982436,0.0,1.0,0.0
170314804007,9,5,61685.0,179500.0,52.7,0.14,0.3222591362126246,0.12841091492776885,0.0,1.0,0.0
170312909001,9,5,,,51.7,0.0,0.335,0.05725971370143149,0.0,1.0,0.0
170312909002,0,4,21708.0,223400.0,34.4,0.1341222879684418,0.20956719817767655,0.0,0.003194888178913738,0.9968051118210862,0.0
170312909003,0,4,46992.0,,28.6,0.0815450643776824,0.3341121495327103,0.0,0.0,0.9774881516587678,0.022511848341232227
170312909004,6,1,48542.0,,29.6,0.41973490427098675,0.48984771573604063,0.1052060737527115,0.0398406374501992,0.9468791500664011,0.0
170318387002,0,4,31953.0,146500.0,21.7,0.07606263982102908,0.28329297820823246,0.08199121522693997,0.02464788732394366,0.6964788732394366,0.27887323943661974
170313102001,3,9,121012.0,320500.0,35.5,0.05546995377503852,0.08919382504288165,0.36,0.18219895287958116,0.07539267015706806,0.5790575916230366
170313102002,3,9,135439.0,387500.0,34.0,0.05889570552147239,0.20844686648501362,0.5442424242424242,0.5443037974683544,0.023014959723820484,0.20368239355581128
170313301031,3,9,124539.0,275700.0,35.3,0.0,0.041809458533241944,0.5400990099009901,0.6852954649564819,0.1369674759505268,0.04260192395785616
170313806002,4,6,,394300.0,26.4,0.15410573678290213,0.3377659574468085,0.3982521847690387,0.223410950283197,0.6815607300188798,0.022655758338577723
170313806003,9,3,16218.0,249500.0,47.8,0.14804063860667635,0.45907473309608543,0.22231139646869985,0.05425318151373074,0.8847957133288681,0.06095110515740121
170313301023,3,9,107166.0,372300.0,31.9,0.03348937702556716,0.2472876917321362,0.53003300330033,0.5435959110042092,0.22790138304269392,0.04630186410102225
170313301011,10,2,182825.0,462400.0,35.1,0.0,0.1482153660012099,0.17635467980295566,0.4082784571966134,0.03292568203198495,0.15192850423330198
170314608002,0,4,,,24.9,0.07222222222222222,0.08383233532934131,0.15897435897435896,0.08208955223880597,0.5497512437810945,0.3358208955223881
170314805001,9,5,42576.0,170400.0,60.0,0.052132701421800945,0.145,0.16692913385826771,0.0,0.9329192546583851,0.0670807453416149
170314105002,8,3,40789.0,230100.0,28.2,0.03862660944206009,0.3678290213723285,0.2911764705882353,0.2525062656641604,0.6040100250626567,0.07706766917293233
170312912002,6,1,25234.0,,26.3,0.3630952380952381,0.1588785046728972,0.11067193675889328,0.002207505518763797,0.9977924944812362,0.0
170318431001,0,4,42065.0,,25.2,0.02464788732394366,0.07894736842105263,0.04927007299270073,0.05622119815668203,0.9317972350230415,0.0064516129032258064
170318433001,6,1,41250.0,236400.0,35.5,0.28865979381443296,0.2194616977225673,0.06442307692307692,0.06297709923664122,0.6634860050890585,0.21310432569974555
170318387004,0,4,2499.0,,29.5,0.2463768115942029,0.0,0.0,0.2712842712842713,0.6854256854256854,0.04329004329004329
170318431002,4,6,84563.0,410900.0,29.8,0.09782608695652174,0.2710843373493976,0.21794871794871795,0.2776617954070981,0.35073068893528186,0.348643006263048
170314008001,5,3,,,35.3,0.1362126245847176,0.5970772442588727,0.0,0.0,1.0,0.0
170314008002,0,4,14063.0,11500.0,25.2,0.20494186046511628,0.603290676416819,0.09207459207459208,0.0,0.9856028794241152,0.0
170318363001,4,6,51406.0,306100.0,26.7,0.23721881390593047,0.3324396782841823,0.43070362473347545,0.3090676883780332,0.558109833971903,0.019157088122605363
170314105001,4,6,106544.0,394400.0,31.4,0.028054298642533938,0.18138651471984804,0.2025431425976385,0.1791044776119403,0.4173576561636263,0.05306799336650083
170314106002,10,2,38589.0,,22.7,0.08201892744479496,0.13186813186813187,0.267515923566879,0.6427860696517413,0.06965174129353234,0.0626865671641791
170314107001,4,6,45972.0,303800.0,28.4,0.058577405857740586,0.18090062111801242,0.1630510846745976,0.48917748917748916,0.21763085399449036,0.06690279417552145
170314108001,4,6,54960.0,412900.0,33.8,0.02875,0.29987129987129985,0.220462850182704,0.45256087321578503,0.19899244332493704,0.13014273719563393
170314108002,3,9,59097.0,161500.0,30.0,0.014388489208633094,0.20529197080291972,0.3,0.45203060623896407,0.1912889935256033,0.06356680400235433
170313301024,4,6,,1028400.0,63.5,0.10782865583456426,0.17052980132450332,0.04460303300624442,0.32255694342395297,0.6267450404114622,0.0
170313301033,4,6,90861.0,514300.0,35.7,0.0,0.3863168724279835,0.1388212372138334,0.488872674206494,0.41444728201386355,0.0
170313806004,0,4,33512.0,,27.5,0.15151515151515152,0.3492063492063492,0.0,0.0,0.9923312883435583,0.007668711656441718
170314608004,5,3,35089.0,179900.0,36.7,0.18518518518518517,0.5,0.0421216848673947,0.0,0.7369420702754036,0.25925925925925924
170318446001,6,1,54565.0,235900.0,38.8,0.2964563526361279,0.2628992628992629,0.1680045871559633,0.04659340659340659,0.8984615384615384,0.009230769230769232
170313301012,4,6,142429.0,737100.0,49.6,0.03735144312393888,0.12815990593768373,0.18237704918032788,0.6606585788561525,0.025996533795493933,0.04922010398613518
170313301021,4,6,,390800.0,31.6,0.05372405372405373,0.4962292609351433,0.3625,0.5934065934065934,0.054945054945054944,0.1018981018981019
170314608001,7,0,32793.0,236800.0,31.5,0.3393258426966292,0.0,0.12794612794612795,0.0,0.37261698440207974,0.6273830155979203
170313301032,3,9,161026.0,433200.0,37.0,0.0,0.2649805447470817,0.5103207367418228,0.5903580490555399,0.2895404567239921,0.016069918240766846
170313301022,4,6,,648900.0,31.4,0.0,0.2827309236947791,0.2835820895522388,0.40137439552048865,0.2298294731483838,0.10511580554848562
170313806001,2,1,,273700.0,42.2,0.33125,0.0,0.18421052631578946,0.05154639175257732,0.8556701030927835,0.0
170314608003,6,1,23682.0,,23.9,0.3219178082191781,0.41414141414141414,0.07194244604316546,0.0,0.9588235294117647,0.041176470588235294
170314905001,0,4,73333.0,187200.0,40.2,0.13186813186813187,0.13333333333333333,0.13140311804008908,0.08885941644562334,0.8527851458885941,0.017241379310344827
170314907001,6,1,37500.0,168000.0,29.7,0.31024930747922436,0.2891566265060241,0.09421841541755889,0.006265664160401002,0.918546365914787,0.07518796992481203
170318216001,10,2,90855.0,242900.0,45.2,0.001466275659824047,0.09251101321585903,0.21681997371879105,0.30019880715705766,0.5944333996023857,0.033797216699801194
170318392002,9,5,28558.0,155900.0,49.3,0.20650095602294455,0.23482849604221637,0.28816986855409504,0.11379310344827587,0.7,0.0
170312922001,6,1,32813.0,304100.0,29.2,0.25,0.11458333333333333,0.033003300330033,0.01507537688442211,0.8961474036850922,0.05360134003350084
170312922002,8,3,33077.0,212500.0,27.1,0.112,0.34234234234234234,0.18468468468468469,0.049528301886792456,0.5448113207547169,0.24449685534591195
170312925001,6,1,50230.0,,33.8,0.21148036253776434,0.16591928251121077,0.109375,0.0,0.6840052015604682,0.3159947984395319
170312922003,9,5,47125.0,139100.0,55.5,0.02977667493796526,0.12634408602150538,0.054982817869415807,0.0,0.9850968703427719,0.0
170312924001,0,4,20128.0,,28.8,0.0,0.18407960199004975,0.07389162561576355,0.0,0.9438943894389439,0.054455445544554455
170312925002,6,1,74286.0,213600.0,31.7,0.298811544991511,0.36077481840193704,0.2150313152400835,0.0,0.7701908957415565,0.08296622613803231
170312925003,9,5,24917.0,248900.0,48.9,0.07258064516129033,0.15855855855855855,0.15323383084577114,0.02180451127819549,0.8022556390977443,0.17593984962406015
170313106001,1,9,73606.0,331200.0,32.5,0.0,0.22377158034528552,0.2666999002991027,0.2475795297372061,0.035961272475795295,0.6466113416320886
170313104001,1,9,77991.0,376900.0,35.5,0.10736842105263159,0.2170263788968825,0.20057581573896352,0.22939560439560439,0.004120879120879121,0.6771978021978022
170313109003,1,9,63429.0,287100.0,38.9,0.1731651376146789,0.34812760055478503,0.2657218777679362,0.12034208918753818,0.0036652412950519244,0.8607208307880269
170313106002,3,9,74259.0,351900.0,31.5,0.024205748865355523,0.13023255813953488,0.45255474452554745,0.5705521472392638,0.014723926380368098,0.38282208588957056
170313108003,1,9,79667.0,290800.0,34.4,0.09056886227544911,0.33694745621351124,0.23335297583971715,0.2028747433264887,0.0,0.7211498973305955
170313109001,3,9,79722.0,302700.0,38.3,0.06090026478375993,0.2697495183044316,0.33550253073029646,0.34149403640929066,0.07219083490269931,0.5379786566227244
170313109002,1,0,89135.0,232800.0,31.8,0.030821917808219176,0.17314487632508835,0.18785046728971963,0.09085510688836104,0.0,0.8657957244655582
170314110001,10,2,48025.0,153100.0,61.1,0.035580524344569285,0.35984095427435386,0.16775396085740912,0.5317195325542571,0.28297161936560933,0.06343906510851419
170314110002,10,2,113443.0,150600.0,67.2,0.06097560975609756,0.01948051948051948,0.34726688102893893,0.7941176470588235,0.18449197860962566,0.013368983957219251
170314110003,4,6,50646.0,285500.0,29.7,0.14797136038186157,0.3067226890756303,0.23759791122715404,0.29885544722339974,0.36540907164052566,0.05002119542178889
170314111001,4,6,119107.0,526800.0,40.0,0.0812720848056537,0.07482993197278912,0.14871016691957512,0.5630676084762866,0.03128153380423814,0.0615539858728557
170314111002,4,6,127784.0,571400.0,25.6,0.05660377358490566,0.027941176470588237,0.1896067415730337,0.5891195418754474,0.05082319255547602,0.03507516105941303
170314112001,4,6,124464.0,780500.0,42.2,0.02330097087378641,0.024439918533604887,0.109375,0.6516314779270633,0.05758157389635317,0.060460652591170824
170314112002,4,6,,465500.0,45.1,0.056818181818181816,0.028112449799196786,0.09290953545232274,0.5540765391014975,0.07487520798668885,0.07154742096505824
170314907002,9,1,,158000.0,53.5,0.35359116022099446,0.4188034188034188,0.0165016501650165,0.0,1.0,0.0
170314907003,2,8,49000.0,133700.0,41.3,0.0784313725490196,0.2054794520547945,0.15748898678414097,0.0,0.9796557120500783,0.007042253521126761
170314908001,8,3,65194.0,145800.0,40.1,0.13043478260869565,0.37916666666666665,0.22567567567567567,0.027860696517412936,0.9552238805970149,0.0
170314908002,9,5,43047.0,157500.0,58.8,0.1896551724137931,0.3120567375886525,0.16853932584269662,0.0,0.9861431870669746,0.0
170314908004,6,4,54914.0,168100.0,32.0,0.17513134851138354,0.14012738853503184,0.12371134020618557,0.0,0.9909584086799277,0.0
170314909024,2,8,94893.0,119200.0,50.5,0.0,0.14741035856573706,0.28353658536585363,0.0,1.0,0.0
170314208002,5,3,,237500.0,43.3,0.19428571428571428,0.3117505995203837,0.10991636798088411,0.02835696413678065,0.9032527105921602,0.0
170315701001,1,7,52212.0,220400.0,28.0,0.11295180722891567,0.06540447504302926,0.12867647058823528,0.13089373680506686,0.0,0.7952146375791695
170318407001,1,0,52063.0,276100.0,27.9,0.027184466019417475,0.13815789473684212,0.3116370808678501,0.11751412429378531,0.0,0.8824858757062147
170313005001,1,0,25262.0,218100.0,25.1,0.0,0.15666666666666668,0.06212424849699399,0.03015075376884422,0.06331658291457286,0.9065326633165829
170313005002,1,0,66825.0,206800.0,37.8,0.09554140127388536,0.19889502762430938,0.1224739742804654,0.05256124721603563,0.0,0.9474387527839644
170313006001,1,0,48417.0,323800.0,32.1,0.13584288052373159,0.23863636363636365,0.0416221985058698,0.028507126781695424,0.2693173293323331,0.6751687921980495
170313006002,7,0,49098.0,159600.0,32.7,0.09393939393939393,0.07023411371237458,0.038350910834132314,0.050959629384513566,0.0,0.9490403706154864
170318412003,1,0,63922.0,277500.0,28.8,0.08274231678486997,0.19128113879003558,0.08725289706884799,0.07442067736185383,0.011586452762923352,0.9006238859180036
170318412001,7,0,,,38.9,0.1223021582733813,0.2796352583586626,0.07142857142857142,0.20864661654135339,0.0,0.775375939849624
170318413001,1,9,95706.0,,31.3,0.08883248730964467,0.3231197771587744,0.2583547557840617,0.14016172506738545,0.11500449236298294,0.7448337825696316
170318413004,7,0,,288700.0,49.1,0.23404255319148937,0.0,0.13056379821958458,0.13263157894736843,0.0,0.631578947368421
170318413003,3,9,105469.0,319700.0,34.0,0.002828854314002829,0.16228070175438597,0.25925925925925924,0.25813221406086045,0.03252885624344176,0.5802728226652676
170314204001,6,1,32938.0,220200.0,29.4,0.1267605633802817,0.16359918200409,0.1983273596176822,0.2057272042200452,0.45516201959306707,0.15674453654860587
170314206001,0,4,21992.0,157300.0,29.9,0.11440677966101695,0.3373205741626794,0.016795865633074936,0.035940803382663845,0.9577167019027484,0.0
170314206002,6,1,,263600.0,31.3,0.3323442136498516,0.21333333333333335,0.09244644870349493,0.007234726688102894,0.7877813504823151,0.013665594855305467
170314207001,2,5,59551.0,206300.0,47.2,0.06321839080459771,0.0,0.0,0.0,1.0,0.0
170314207002,6,1,,,33.0,0.15104166666666666,0.06382978723404255,0.2324561403508772,0.0,0.8442211055276382,0.13316582914572864
170314207004,6,1,2499.0,,23.1,0.7045454545454546,0.0,0.0,0.0,1.0,0.0
170314207005,5,3,28832.0,,41.4,0.22309197651663404,0.3350125944584383,0.01694915254237288,0.004531722054380665,0.8972809667673716,0.0
170314208001,8,4,47500.0,281000.0,32.0,0.08547008547008547,0.188135593220339,0.20738974970202623,0.05253784505788068,0.8557435440783615,0.0
170314911001,9,5,,198300.0,43.2,0.17796610169491525,0.0,0.037383177570093455,0.0,0.8252032520325203,0.17479674796747968
170314911002,0,4,,150400.0,28.7,0.0,0.03560830860534125,0.18271119842829076,0.0,0.986469864698647,0.0
170315703001,1,0,49271.0,257400.0,33.0,0.0664451827242525,0.18505338078291814,0.05701754385964912,0.16576819407008087,0.0,0.8180592991913747
170314911003,9,3,82361.0,219400.0,56.2,0.41452991452991456,0.40875912408759124,0.1529126213592233,0.05399568034557235,0.9460043196544277,0.0
170314911004,9,5,58487.0,200700.0,48.0,0.04510108864696734,0.19627749576988154,0.14171511627906977,0.021714922048997772,0.9081291759465479,0.02060133630289532
170314911005,2,8,95057.0,182100.0,47.4,0.08883248730964467,0.181058495821727,0.18209408194233687,0.0,0.963923337091319,0.0
170315801001,4,6,54118.0,360800.0,33.9,0.03515625,0.21739130434782608,0.10338345864661654,0.11054313099041534,0.06900958466453674,0.3303514376996805
170315801002,7,0,47778.0,324400.0,37.6,0.3542039355992844,0.021538461538461538,0.1664564943253468,0.20783956244302643,0.0018231540565177757,0.5496809480401094
170314912002,9,5,73523.0,118000.0,68.8,0.05652173913043478,0.1380952380952381,0.06776859504132231,0.0,0.8864942528735632,0.07040229885057471
170315703002,7,0,50673.0,191900.0,32.2,0.028277634961439587,0.475,0.060650887573964495,0.028543307086614175,0.0,0.9084645669291339
170315703003,7,0,57105.0,205700.0,30.9,0.24449108079748164,0.10914454277286136,0.08492366412213741,0.12414223331253899,0.0,0.8671241422333126
170315704001,1,7,76406.0,207800.0,36.1,0.06656804733727811,0.058637083993660855,0.044171779141104296,0.14285714285714285,0.0017211703958691911,0.8012048192771084
170315704002,1,7,,250500.0,32.2,0.09022556390977443,0.0371900826446281,0.06857142857142857,0.18363636363636363,0.0,0.8163636363636364
170315705001,1,7,90202.0,250900.0,36.6,0.15114235500878734,0.11387163561076605,0.019736842105263157,0.10735989196488858,0.0,0.8453747467927076
170315705002,7,0,49943.0,247400.0,35.5,0.3051948051948052,0.3107476635514019,0.07493857493857493,0.2619047619047619,0.0,0.7249589490968801
170313007001,7,0,53300.0,204800.0,27.1,0.18969555035128804,0.030346820809248554,0.012658227848101266,0.0,0.0,0.9638487208008899
170313008001,1,0,29533.0,268700.0,29.2,0.1111111111111111,0.16666666666666666,0.0,0.028585757271815445,0.0,0.9598796389167502
170313008002,1,0,32806.0,192700.0,23.4,0.016036655211912942,0.25534441805225655,0.039399624765478425,0.0,0.0,1.0
170313009002,7,0,,9999.0,38.0,0.043697478991596636,0.13708260105448156,0.05183585313174946,0.033489618218352314,0.0,0.9665103817816477
170313012001,4,6,45165.0,516800.0,29.2,0.2336065573770492,0.0,0.23827629911280102,0.12369477911646587,0.06907630522088354,0.7558232931726908
170318432002,1,9,73000.0,290700.0,36.8,0.1266891891891892,0.218568665377176,0.1925287356321839,0.29111338100102147,0.0,0.6700715015321757
170318432001,1,9,62009.0,234800.0,34.1,0.03488372093023256,0.3388704318936877,0.19647822057460612,0.3403944485025566,0.052593133674214754,0.5624543462381301
170318344001,4,6,80000.0,416100.0,41.4,0.23255813953488372,0.4621212121212121,0.29878048780487804,0.20718562874251498,0.7736526946107785,0.0
170318344003,5,3,19760.0,296900.0,36.7,0.09479305740987984,0.434715821812596,0.13587406793703397,0.036904761904761905,0.893452380952381,0.04523809523809524
170318439002,5,3,,,52.2,0.0,0.43703703703703706,0.047619047619047616,0.08163265306122448,0.9183673469387755,0.0
170314212001,0,4,60681.0,313000.0,24.3,0.024691358024691357,0.04588607594936709,0.0,0.0,0.9465049928673324,0.0
170314912001,6,1,39306.0,126800.0,28.3,0.37547892720306514,0.09815950920245399,0.0,0.08333333333333333,0.7761437908496732,0.12581699346405228
170314912003,9,5,45804.0,180100.0,52.7,0.033783783783783786,0.26223776223776224,0.15555555555555556,0.041666666666666664,0.9567307692307693,0.0016025641025641025
170314913002,6,1,53523.0,93800.0,35.7,0.3467153284671533,0.25139664804469275,0.08333333333333333,0.01616161616161616,0.9474747474747475,0.03636363636363636
170315803001,1,7,61974.0,199500.0,33.1,0.06255012028869286,0.0427715996578272,0.017786561264822136,0.057609964966913195,0.011288439081354613,0.7539898793304788
170314913003,0,4,49583.0,94000.0,27.3,0.07906976744186046,0.13157894736842105,0.19924812030075187,0.0,1.0,0.0
170314914001,6,1,25927.0,,39.3,0.4090909090909091,0.30256410256410254,0.0,0.0,1.0,0.0
170315001001,2,8,110758.0,155300.0,43.9,0.11228070175438597,0.24537037037037038,0.20802919708029197,0.011441647597254004,0.988558352402746,0.0
170315001002,2,8,59928.0,142100.0,52.0,0.15849056603773584,0.11659192825112108,0.3019271948608137,0.0,0.9423076923076923,0.057692307692307696
170315001003,2,8,113143.0,159900.0,54.2,0.17569786535303777,0.0,0.07407407407407407,0.028768699654775604,0.9447640966628308,0.026467203682393557
170315802001,1,7,71417.0,255200.0,35.9,0.0,0.15021459227467812,0.10401188707280833,0.08293612964728313,0.0,0.8512869399428027
170315802002,7,0,36063.0,234900.0,25.0,0.15204678362573099,0.06206896551724138,0.07422680412371134,0.0221763795771016,0.0,0.8215575038679732
170315805014,7,0,39583.0,187100.0,33.6,0.2478386167146974,0.15708812260536398,0.08676789587852494,0.21944632005401757,0.0006752194463200541,0.6657663740715732
170315804001,1,7,56354.0,238600.0,42.2,0.035398230088495575,0.05504587155963303,0.12449799196787148,0.24610591900311526,0.01973001038421599,0.3624091381100727
170315804002,7,0,47847.0,246400.0,36.0,0.1888111888111888,0.11363636363636363,0.09788359788359788,0.07236842105263158,0.0,0.8141447368421053
170315804003,1,0,56671.0,177000.0,29.9,0.01835985312117503,0.16838046272493573,0.06281156530408774,0.01727447216890595,0.0,0.9603326935380678
170315804004,1,0,,249100.0,33.9,0.031904287138584245,0.19491525423728814,0.12708719851576994,0.05136540962288687,0.0,0.7633289986996099
170315805022,1,0,47326.0,202900.0,23.1,0.06382978723404255,0.196524064171123,0.10178117048346055,0.013872832369942197,0.006358381502890174,0.9728323699421966
170314302003,6,1,38402.0,,41.5,0.3807531380753138,0.5608108108108109,0.07333333333333333,0.0,0.6772616136919315,0.32273838630806845
170318408001,7,0,30991.0,227600.0,42.1,0.11345029239766082,0.16094986807387862,0.15888689407540396,0.0231105559025609,0.03123048094940662,0.9456589631480324
170318408002,1,0,56521.0,239700.0,20.1,0.06995230524642289,0.059336823734729496,0.18651362984218078,0.0,0.0012070006035003018,0.9987929993964997
170313016001,7,0,28209.0,272500.0,64.5,0.3807266982622433,0.06504065040650407,0.0681986656782802,0.023920653442240373,0.005250875145857643,0.9620770128354725
170313017011,1,0,50163.0,,29.1,0.09181969949916527,0.15354330708661418,0.07296137339055794,0.015517241379310345,0.0,0.9387931034482758
170313017023,7,0,,140600.0,36.8,0.25502008032128515,0.2367601246105919,0.16163141993957703,0.06531049250535331,0.0,0.9346895074946466
170313017021,1,7,74282.0,301500.0,25.6,0.0,0.03484848484848485,0.02575107296137339,0.007803790412486065,0.0,0.992196209587514
170313017022,1,0,35821.0,267200.0,30.3,0.07547169811320754,0.16326530612244897,0.008860759493670886,0.0,0.0,1.0
170313018021,7,0,24695.0,194200.0,57.2,0.0,0.044444444444444446,0.05449591280653951,0.06018518518518518,0.0,0.9398148148148148
170314302001,4,6,54391.0,806500.0,35.7,0.10993657505285412,0.24228028503562946,0.3578336557059961,0.07142857142857142,0.8711180124223602,0.0
170314302004,6,1,26917.0,361300.0,35.3,0.5069444444444444,0.07511737089201878,0.16100178890876565,0.0035671819262782403,0.9845422116527943,0.011890606420927468
170314302005,5,3,,,39.6,0.10068130204390613,0.5244107744107744,0.09272237196765498,0.0035140562248995983,0.9538152610441767,0.0025100401606425703
170314304002,0,4,41181.0,194600.0,30.1,0.10319410319410319,0.16164383561643836,0.006329113924050633,0.018292682926829267,0.9461382113821138,0.0
170314303001,8,4,41563.0,230700.0,27.7,0.09386733416770963,0.3050847457627119,0.18105263157894738,0.026913875598086126,0.9730861244019139,0.0
170314303003,6,1,,572900.0,41.6,0.47305389221556887,0.0,0.0,0.005847953216374269,0.9210526315789473,0.07017543859649122
170314304001,9,3,,182400.0,50.1,0.13380281690140844,0.4634146341463415,0.20770877944325483,0.0627177700348432,0.8519163763066202,0.0
170314304003,0,8,89261.0,272300.0,37.7,0.010752688172043012,0.17391304347826086,0.13263525305410123,0.03453453453453453,0.8063063063063063,0.07507507507507508
170314304004,5,3,,165500.0,44.1,0.06818181818181818,0.3046594982078853,0.0,0.03741935483870968,0.9496774193548387,0.012903225806451613
170315001004,9,5,57889.0,,49.3,0.07238307349665925,0.16646415552855406,0.12919896640826872,0.010760953112990008,0.98923904688701,0.0
170315002001,5,3,32179.0,175700.0,35.5,0.1404320987654321,0.3785425101214575,0.09313725490196079,0.0,0.8538409245411285,0.06798096532970768
170314305002,5,3,35634.0,,43.2,0.2542372881355932,0.4801864801864802,0.036101083032490974,0.0015710919088766694,0.974076983503535,0.0
170314305003,6,1,,271900.0,32.0,0.31613756613756616,0.2611218568665377,0.351278600269179,0.006734006734006734,0.9865319865319865,0.006734006734006734
170315002002,0,4,40288.0,97500.0,20.9,0.0967741935483871,0.0,0.062146892655367235,0.10833333333333334,0.8527777777777777,0.0
170315003001,0,4,42167.0,223100.0,39.3,0.12352941176470589,0.07046979865771812,0.11685823754789272,0.21583652618135377,0.4891443167305236,0.25287356321839083
170315101001,7,0,56806.0,147000.0,44.1,0.12307692307692308,0.4775828460038986,0.1366171003717472,0.07278020378457059,0.0975254730713246,0.8282387190684134
170315805021,1,0,40263.0,208900.0,32.0,0.0,0.24670433145009416,0.17088607594936708,0.05560619872379216,0.0,0.821330902461258
170315805011,1,0,,,27.6,0.08037825059101655,0.20266666666666666,0.018711018711018712,0.07868020304568528,0.0,0.7601522842639594
170315806001,1,0,87303.0,197800.0,34.6,0.04743833017077799,0.2589641434262948,0.1314475873544093,0.04033092037228542,0.0,0.7828335056876939
170315806002,1,0,47399.0,260900.0,35.9,0.08908045977011494,0.19725557461406518,0.09565217391304348,0.00734094616639478,0.0,0.7903752039151712
170315806003,1,0,28536.0,232300.0,27.9,0.08958837772397095,0.12994350282485875,0.05446293494704992,0.03357903357903358,0.16216216216216217,0.8042588042588042
170315807001,7,0,31364.0,208100.0,47.3,0.0,0.1450381679389313,0.09153713298791019,0.05897771952817824,0.0,0.8322411533420708
170318428004,7,0,20938.0,183100.0,46.7,0.1986754966887417,0.1796116504854369,0.20616113744075829,0.27932960893854747,0.0,0.7206703910614525
170318428002,1,0,81432.0,250300.0,32.1,0.0,0.27301092043681746,0.20672478206724781,0.021630615640599003,0.0,0.956738768718802
170318428005,7,0,39583.0,155800.0,28.5,0.13176470588235295,0.0,0.032667876588021776,0.12799043062200957,0.0,0.8217703349282297
170318428003,7,0,47725.0,,36.7,0.07894736842105263,0.10714285714285714,0.0,0.032467532467532464,0.0,0.9675324675324676
170314309001,5,3,29481.0,159100.0,36.8,0.09064327485380116,0.4887459807073955,0.05,0.0,0.9673518742442564,0.0
170314306001,5,3,75893.0,298000.0,39.6,0.09948542024013722,0.4533333333333333,0.116,0.009322033898305085,0.8457627118644068,0.06525423728813559
170314306002,0,4,38137.0,285000.0,32.9,0.15843621399176955,0.2713936430317848,0.10760401721664276,0.007707129094412331,0.9855491329479769,0.0
170314308001,0,3,49934.0,234800.0,37.9,0.1771019677996422,0.30023640661938533,0.12182061579651941,0.0,1.0,0.0
170314308002,8,3,36571.0,262000.0,36.7,0.09492635024549918,0.28028933092224234,0.2750759878419453,0.0,0.9731543624161074,0.026845637583892617
170318342001,5,3,,117700.0,44.5,0.24708926261319533,0.49312714776632305,0.09809456598447425,0.0,1.0,0.0
170315103001,6,1,31231.0,115100.0,29.7,0.43817427385892116,0.21270310192023634,0.09206081081081081,0.00048828125,0.99951171875,0.0
170318342003,2,8,62826.0,,38.4,0.1310096153846154,0.14384508990318118,0.20776071139854488,0.0,1.0,0.0
170315102001,10,2,,134500.0,48.5,0.0,0.11041009463722397,0.12832550860719874,0.2768777614138439,0.32989690721649484,0.39322533136966126
170315102002,5,3,44659.0,133900.0,40.2,0.0,0.3857965451055662,0.014134275618374558,0.0,1.0,0.0
170316004001,4,6,64572.0,389100.0,52.2,0.06938775510204082,0.09758771929824561,0.19642857142857142,0.4313960455362493,0.0,0.08867585380467345
170315103004,9,5,43995.0,103100.0,39.8,0.22900763358778625,0.09108910891089109,0.039790575916230364,0.025821596244131457,0.9741784037558685,0.0
170318404002,1,9,74107.0,286700.0,40.3,0.09901960784313725,0.30190796857463525,0.1276440554339898,0.043243243243243246,0.0,0.5021621621621621
170318403002,1,9,71964.0,314700.0,32.8,0.0665083135391924,0.1450381679389313,0.1886178861788618,0.1417910447761194,0.0,0.4626865671641791
170318403003,1,9,66875.0,266400.0,34.8,0.14520547945205478,0.3504273504273504,0.1451990632318501,0.12807634354595682,0.0065293822199899544,0.6745354093420391
170318403001,3,9,,282000.0,40.2,0.19693654266958424,0.17983651226158037,0.29098360655737704,0.19525801952580196,0.0794979079497908,0.45188284518828453
170318411001,4,6,,386200.0,52.7,0.10359869138495092,0.11306532663316583,0.10923276983094929,0.05995828988529719,0.02137643378519291,0.02137643378519291
170318411004,4,6,16561.0,667300.0,66.1,0.003003003003003003,0.22590361445783133,0.08955223880597014,0.07807570977917981,0.057570977917981075,0.0007886435331230284
170318411002,10,6,88162.0,310200.0,44.6,0.12190287413280476,0.32669789227166274,0.22154115586690018,0.11906310995445674,0.01756668835393624,0.0
170314313022,6,1,27708.0,,39.1,0.2779605263157895,0.214123006833713,0.13497652582159625,0.025525525525525526,0.9459459459459459,0.028528528528528527
170314313012,0,4,57957.0,109100.0,28.5,0.20021299254526093,0.3648468708388815,0.0576307363927428,0.0,0.964424320827943,0.03557567917205692
170314313013,8,3,28417.0,,24.7,0.09337349397590361,0.4639175257731959,0.22512437810945274,0.08353658536585366,0.8810975609756098,0.0
170314314002,5,3,32302.0,,30.9,0.05596107055961071,0.4639175257731959,0.1302170283806344,0.06453178068898593,0.8995633187772926,0.035904900533721494
170314314003,0,4,37227.0,48600.0,31.8,0.05928085519922255,0.28944504896626766,0.0012618296529968455,0.05375494071146245,0.825296442687747,0.05849802371541502
170315103003,5,3,10857.0,,44.6,0.0,0.24434389140271492,0.0,0.0,1.0,0.0
170315202001,7,0,56250.0,82100.0,26.8,0.1686746987951807,0.2891566265060241,0.08974358974358974,0.05028735632183908,0.0,0.8735632183908046
170315905001,1,9,69697.0,305400.0,41.0,0.05555555555555555,0.3503562945368171,0.1913946587537092,0.21351674641148324,0.05921052631578947,0.41626794258373206
170315906001,1,7,63980.0,243300.0,33.7,0.0977620730270907,0.06266318537859007,0.1509433962264151,0.18688524590163935,0.02819672131147541,0.7055737704918033
170315906003,1,7,91979.0,169700.0,40.0,0.007183908045977011,0.16208393632416787,0.13161290322580646,0.185334407735697,0.0,0.6583400483481063
170318401001,4,6,64000.0,318100.0,46.5,0.20398009950248755,0.12967032967032968,0.15127919911012236,0.2194674012855831,0.0027548209366391185,0.08356290174471992
170316004002,4,6,,450800.0,29.6,0.0703125,0.11346153846153846,0.36792452830188677,0.29270833333333335,0.19166666666666668,0.035416666666666666
170315202002,7,2,88867.0,,53.9,0.07888631090487239,0.05289672544080604,0.18358208955223881,0.12594458438287154,0.0,0.8551637279596978
170316004003,9,3,38036.0,281000.0,45.7,0.09135399673735727,0.34290843806104127,0.1923828125,0.1671664167916042,0.06521739130434782,0.046476761619190406
170313018032,7,0,31927.0,,34.6,0.1858108108108108,0.015184381778741865,0.11559633027522936,0.010774410774410775,0.0,0.9892255892255892
170313403001,4,6,47519.0,351400.0,40.8,0.0440771349862259,0.23394495412844038,0.12903225806451613,0.13015312131919907,0.0,0.15371024734982333
170313405001,4,6,57720.0,423000.0,55.3,0.028688524590163935,0.10548523206751055,0.2142316426949281,0.46790757381258025,0.06033376123234917,0.08472400513478819
170314401011,5,3,26321.0,,44.7,0.16228070175438597,0.32054794520547947,0.05804111245465538,0.0,1.0,0.0
170314401023,9,3,41012.0,193400.0,50.4,0.11904761904761904,0.46621621621621623,0.34851138353765326,0.06732348111658457,0.9326765188834154,0.0
170314401014,6,1,,97700.0,49.1,0.35135135135135137,0.5301204819277109,0.03116883116883117,0.001935483870967742,0.9470967741935484,0.01806451612903226
170314402022,9,5,25734.0,267900.0,64.3,0.20485175202156333,0.21694915254237288,0.2726337448559671,0.0,0.9925650557620818,0.0
170314402023,8,3,62944.0,192300.0,37.9,0.1415929203539823,0.26804123711340205,0.22183098591549297,0.041666666666666664,0.78125,0.0
170314402012,9,3,48152.0,219800.0,56.8,0.0,0.6132075471698113,0.21486123545210384,0.0,0.9451445515196442,0.0
170314403003,2,8,45634.0,152100.0,43.8,0.0,0.12012012012012012,0.21188118811881188,0.0,1.0,0.0
170314403004,9,3,86250.0,253400.0,54.2,0.1187683284457478,0.37271214642262895,0.1563517915309446,0.0,1.0,0.0
170314403005,9,1,52824.0,165200.0,51.5,0.318122555410691,0.26577437858508607,0.0,0.0,1.0,0.0
170314403001,6,1,34382.0,,37.6,0.3104693140794224,0.010471204188481676,0.2469352014010508,0.0,0.5901639344262295,0.26320582877959925
170315203001,7,0,52246.0,146100.0,32.9,0.06304347826086956,0.16679779701022818,0.05057618437900128,0.035041446872645064,0.022230595327807082,0.9427279577995479
170315203002,7,0,68810.0,133200.0,38.5,0.10574412532637076,0.024817518248175182,0.06691919191919192,0.09037037037037036,0.0,0.8948148148148148
170315203003,7,7,48068.0,153900.0,33.9,0.09713024282560706,0.0,0.05,0.1797520661157025,0.0,0.8202479338842975
170315205003,1,7,56204.0,163700.0,38.1,0.02247191011235955,0.04242424242424243,0.1489655172413793,0.2227626459143969,0.0,0.7315175097276264
170315204001,1,7,47545.0,154100.0,36.2,0.0,0.0,0.0,0.10091743119266056,0.027522935779816515,0.8425076452599388
170315204002,7,0,,163500.0,38.1,0.13043478260869565,0.08717105263157894,0.13120567375886524,0.13803230543318648,0.0,0.8568281938325991
170315204004,7,0,34153.0,117000.0,31.9,0.0,0.03944773175542406,0.07380607814761216,0.06607929515418502,0.04933920704845815,0.8845814977973568
170315205001,1,7,111964.0,148100.0,35.5,0.021003500583430573,0.050970873786407765,0.12788461538461537,0.0518783542039356,0.0,0.9481216457960644
170316006001,4,6,64479.0,367600.0,32.9,0.08646616541353383,0.1587802313354364,0.1976470588235294,0.26396206533192834,0.0,0.21443624868282402
170316007001,4,6,66546.0,442300.0,33.3,0.05027322404371585,0.02902055622732769,0.3594339622641509,0.2820324005891016,0.0,0.22385861561119294
170318397003,3,9,78500.0,317000.0,33.6,0.010073260073260074,0.23716153127917833,0.41739130434782606,0.496751329001772,0.04016538688718252,0.22504430005906675
170318397001,4,6,84640.0,536300.0,34.0,0.03619441571871768,0.07081545064377683,0.26677994902293967,0.27107438016528923,0.0,0.37134986225895317
170318398002,4,6,75800.0,519000.0,35.2,0.08981380065717415,0.12755716004813478,0.2309197651663405,0.4084177708495713,0.001558846453624318,0.10678098207326578
170318305001,1,7,96923.0,170500.0,33.4,0.0,0.058011049723756904,0.08896797153024912,0.0,0.0,1.0
170318305002,7,0,58901.0,164000.0,36.1,0.05148741418764302,0.12665862484921592,0.08853754940711463,0.0,0.0,1.0
170318420002,10,2,147625.0,334100.0,21.7,0.20950704225352113,0.12557077625570776,0.30715532286212915,0.46735395189003437,0.1815578465063001,0.09564719358533791
170313510001,4,6,131082.0,342400.0,48.8,0.23059360730593606,0.39465875370919884,0.2652582159624413,0.05925925925925926,0.8666666666666667,0.0
170313510003,2,8,53493.0,248100.0,45.9,0.0118946474086661,0.25367965367965367,0.2708224201152436,0.04398260028999516,0.7887868535524408,0.03818269695505075
170318396001,9,3,35642.0,249000.0,67.6,0.09206349206349207,0.45089285714285715,0.11940298507462686,0.04648390941597139,0.9177592371871275,0.03575685339690107
170318424001,5,3,34531.0,,38.9,0.03896103896103896,0.4166666666666667,0.1134453781512605,0.0593900481540931,0.8876404494382022,0.052969502407704656
170314406001,2,8,56250.0,171900.0,44.1,0.19704433497536947,0.09615384615384616,0.1705989110707804,0.0,0.9871794871794872,0.01282051282051282
170314406002,2,8,61833.0,200000.0,47.7,0.023752969121140142,0.13613861386138615,0.22852233676975944,0.010817307692307692,0.9134615384615384,0.06610576923076923
170314407001,8,4,36750.0,236700.0,22.0,0.014634146341463415,0.297029702970297,0.1924198250728863,0.0,0.6888567293777135,0.3111432706222865
170314407002,2,8,90928.0,,49.3,0.1273209549071618,0.03,0.19854280510018216,0.0,1.0,0.0
170314408001,2,8,,150500.0,48.1,0.1278409090909091,0.08754208754208755,0.14132762312633834,0.0,0.9210526315789473,0.054385964912280704
170315302001,6,1,,,58.6,0.81640625,0.0,0.08609271523178808,0.0,0.5277246653919694,0.4722753346080306
170315302002,2,4,77821.0,,49.1,0.0,0.0,0.0,0.0,1.0,0.0
170315302003,9,5,79519.0,147400.0,65.0,0.2261904761904762,0.0,0.06818181818181818,0.12149532710280374,0.8785046728971962,0.0
170316009001,4,6,67788.0,356300.0,32.7,0.18025751072961374,0.16753926701570682,0.2608695652173913,0.3048780487804878,0.21646341463414634,0.2225609756097561
170316009003,10,2,69482.0,289100.0,38.3,0.022727272727272728,0.26475849731663686,0.20588235294117646,0.4225352112676056,0.0,0.17118093174431204
170318399004,1,9,67155.0,408600.0,35.9,0.0,0.31150442477876106,0.29890453834115804,0.3982808022922636,0.0,0.497134670487106
170318400001,4,6,119219.0,439000.0,43.1,0.172737955346651,0.19881305637982197,0.23455684870188004,0.37780898876404495,0.0,0.20365168539325842
170318399001,4,6,87181.0,578500.0,38.0,0.03435114503816794,0.1067193675889328,0.3671988388969521,0.5829268292682926,0.0,0.3231707317073171
170318399003,4,6,87439.0,372600.0,43.9,0.13320463320463322,0.09582309582309582,0.22157434402332363,0.4699519230769231,0.055288461538461536,0.3473557692307692
170318399005,10,2,67730.0,245800.0,35.7,0.05921052631578947,0.1048951048951049,0.20476190476190476,0.6704119850187266,0.0,0.29213483146067415
170318400002,4,6,81250.0,574100.0,42.6,0.08832335329341318,0.19071310116086235,0.2348314606741573,0.3700081499592502,0.020374898125509373,0.1198044009779951
170318364001,6,1,21106.0,356000.0,28.5,0.3364341085271318,0.2657894736842105,0.14659685863874344,0.0,0.9908127208480565,0.0
170313602001,6,1,26638.0,227900.0,31.3,0.36591809775429324,0.3559322033898305,0.1419141914191419,0.0,0.9766746411483254,0.0
170318343005,2,8,,223300.0,42.8,0.1532567049808429,0.10633484162895927,0.21733333333333332,0.0,0.9847560975609756,0.0
170318364002,4,6,18405.0,472100.0,53.0,0.15542521994134897,0.3055555555555556,0.20625,0.04312354312354312,0.865967365967366,0.0
170314408002,0,4,35288.0,121100.0,28.0,0.17900172117039587,0.259825327510917,0.10854816824966079,0.0,0.9785768936495792,0.011476664116296864
170314409001,6,1,38995.0,186800.0,29.9,0.36381709741550694,0.184375,0.2950310559006211,0.20354808590102708,0.7833800186741363,0.0
170314409002,6,1,21525.0,312500.0,32.8,0.2916666666666667,0.0,0.19387755102040816,0.01912568306010929,0.9808743169398907,0.0
170314409003,9,5,,203500.0,60.9,0.16624040920716113,0.03680981595092025,0.22916666666666666,0.0,0.9904255319148936,0.0
170318343003,9,1,82662.0,188800.0,73.0,0.5723270440251572,0.5882352941176471,0.03461538461538462,0.0042796005706134095,0.9957203994293866,0.0
170318343004,2,8,,254100.0,49.7,0.0,0.0,0.33668341708542715,0.0,0.7731755424063116,0.0
170318343001,5,3,,267200.0,38.0,0.04434589800443459,0.35962877030162416,0.14181152790484905,0.0,1.0,0.0
170315303001,9,5,,114700.0,55.3,0.16314199395770393,0.16917293233082706,0.050682261208576995,0.029850746268656716,0.9701492537313433,0.0
170315303002,9,5,70377.0,108300.0,61.1,0.039568345323741004,0.1348314606741573,0.10395010395010396,0.0,1.0,0.0
170315303003,9,5,29839.0,137500.0,50.3,0.13211845102505695,0.08661417322834646,0.009630818619582664,0.0,0.895152198421646,0.0
170315303004,0,4,54139.0,136900.0,26.9,0.17462932454695224,0.028985507246376812,0.20858164481525626,0.0,0.9752124645892352,0.0
170315304001,0,4,67014.0,119200.0,25.2,0.1108433734939759,0.2237960339943343,0.022222222222222223,0.005076142131979695,0.8862944162436548,0.06700507614213198
170315304002,2,8,86531.0,181100.0,43.4,0.022388059701492536,0.17251908396946564,0.08385744234800839,0.032093362509117436,0.9518599562363238,0.011670313639679067
170318426002,7,0,72404.0,,42.5,0.0,0.17608695652173914,0.1331521739130435,0.061615320566194835,0.0,0.7310574521232306
170316103001,7,0,,165000.0,29.6,0.34462320067739205,0.03617571059431524,0.029335071707953065,0.017043349388662466,0.03593923675435346,0.921822897369396
170316103002,7,0,52243.0,176200.0,30.9,0.13877118644067796,0.2202753441802253,0.015050167224080268,0.02107598447032723,0.17748197448696618,0.7742651136993899
170316104001,7,0,37480.0,110000.0,30.7,0.1197252208047105,0.20227272727272727,0.062317429406037,0.04925847457627119,0.01694915254237288,0.933792372881356
170315306002,2,8,78281.0,141200.0,42.8,0.051597051597051594,0.13471502590673576,0.30115830115830117,0.0,0.9087546239210851,0.0
170313802001,9,5,25167.0,185700.0,65.9,0.0,0.16727272727272727,0.22172523961661342,0.08705745792222867,0.8340104468949506,0.01044689495066744
170314503002,0,4,51750.0,117400.0,29.5,0.0,0.17535545023696683,0.06625258799171843,0.0,0.9362745098039216,0.0
170314503003,9,5,59391.0,174700.0,52.4,0.21179624664879357,0.23469387755102042,0.05804111245465538,0.0,1.0,0.0
170314601003,0,4,41607.0,163000.0,31.6,0.03861003861003861,0.22088353413654618,0.030226700251889168,0.15397631133671744,0.7715736040609137,0.0
170314601004,6,1,48042.0,,21.9,0.3434343434343434,0.0,0.2156398104265403,0.003257328990228013,0.996742671009772,0.0
170314602001,6,1,25404.0,,34.6,0.19375,0.32558139534883723,0.020361990950226245,0.02269503546099291,0.5347517730496454,0.4425531914893617
170315305011,2,8,,9999.0,40.1,0.10359712230215827,0.10380622837370242,0.12825278810408922,0.0,1.0,0.0
170315305012,6,1,,130600.0,23.3,0.5348399246704332,0.13157894736842105,0.027411167512690356,0.008636363636363636,0.9209090909090909,0.035
170315305031,9,5,68750.0,125700.0,44.8,0.22868217054263565,0.07788944723618091,0.014792899408284023,0.0,0.7983490566037735,0.10259433962264151
170315306001,9,3,31115.0,120800.0,45.3,0.1306532663316583,0.2931596091205212,0.036741214057507986,0.0,0.979381443298969,0.020618556701030927
170316113001,7,0,65592.0,187500.0,37.0,0.2036727879799666,0.0,0.0,0.06971005552128316,0.16409623689080816,0.7661937075879087
170315306003,0,4,27692.0,109700.0,31.5,0.0,0.3923076923076923,0.16544117647058823,0.0,1.0,0.0
170318426003,10,2,,243300.0,30.6,0.07214428857715431,0.1101511879049676,0.1593984962406015,0.7131696428571429,0.021205357142857144,0.21651785714285715
170318438001,10,2,,199300.0,39.3,0.11819887429643527,0.12581344902386118,0.10119840213049268,0.5585774058577406,0.17364016736401675,0.18514644351464435
170312827001,4,6,61750.0,285100.0,29.2,0.07455012853470437,0.3619718309859155,0.13743455497382198,0.25825082508250824,0.4042904290429043,0.24422442244224424
170312828001,1,9,81286.0,350800.0,29.0,0.09344660194174757,0.2191977077363897,0.26965065502183405,0.30106809078771696,0.056742323097463285,0.48130841121495327
170314603013,5,3,25923.0,137100.0,43.6,0.23125,0.6157205240174672,0.06581740976645435,0.07361111111111111,0.7305555555555555,0.17777777777777778
170318360002,4,6,137097.0,344100.0,33.3,0.017123287671232876,0.02355072463768116,0.32786885245901637,0.04873294346978557,0.8996101364522417,0.008771929824561403
170318360001,8,3,,298800.0,39.1,0.08196721311475409,0.27234927234927236,0.227330779054917,0.05014464802314368,0.8987463837994214,0.009643201542912247
170313812001,2,8,82895.0,,41.4,0.10857142857142857,0.11295681063122924,0.27613104524180965,0.03129074315514994,0.8852672750977836,0.0
170314603021,9,5,50250.0,143600.0,57.7,0.2753623188405797,0.0,0.0,0.0,0.79,0.0
170314603022,6,1,,,29.7,0.20912547528517111,0.21568627450980393,0.03571428571428571,0.1394335511982571,0.8159041394335512,0.0196078431372549
170314603023,0,4,66963.0,167600.0,34.8,0.12684365781710916,0.04935370152761457,0.14545454545454545,0.06290672451193059,0.8709327548806941,0.06616052060737528
170314603011,0,4,43214.0,114200.0,30.4,0.15432098765432098,0.232620320855615,0.08689024390243902,0.0,0.8547486033519553,0.1452513966480447
170314605001,2,8,94252.0,214600.0,40.9,0.1781450872359963,0.17430167597765364,0.2155504234026174,0.13269088213491476,0.8673091178650852,0.0
170314603012,7,0,37722.0,115500.0,36.6,0.05927051671732523,0.4378029079159935,0.0499001996007984,0.0,0.4440789473684211,0.5213815789473685
170314604002,0,4,,253200.0,25.3,0.08088235294117647,0.0,0.07860262008733625,0.015330188679245283,0.9846698113207547,0.0
170314604003,6,1,65788.0,223700.0,35.6,0.284,0.35276073619631904,0.12235649546827794,0.0,0.9892818863879957,0.0
170314604004,0,4,94091.0,166400.0,35.3,0.15021459227467812,0.1414141414141414,0.18846153846153846,0.0,1.0,0.0
170316306001,1,0,57672.0,230900.0,31.1,0.14345991561181434,0.19704433497536947,0.08476104598737602,0.06898485698261357,0.04991587212563096,0.8496915311273135
170316113002,7,0,45292.0,,38.5,0.10927152317880795,0.636,0.0,0.01693227091633466,0.0,0.9830677290836654
170314910001,6,1,,96900.0,41.0,0.5236842105263158,0.6850828729281768,0.061823802163833076,0.0,1.0,0.0
170318216002,10,2,83147.0,216200.0,48.3,0.09324324324324325,0.07228915662650602,0.25590955806783144,0.6009933774834437,0.12003311258278146,0.27897350993377484
170317302012,9,3,48773.0,183900.0,45.8,0.10518731988472622,0.4074074074074074,0.16947250280583614,0.05905511811023622,0.8866141732283465,0.05433070866141732
170316306002,7,0,29500.0,110200.0,31.5,0.14728682170542637,0.27575757575757576,0.038338658146964855,0.009345794392523364,0.07165109034267912,0.9190031152647975
170314902003,2,8,63871.0,170000.0,47.5,0.103125,0.04727272727272727,0.21099554234769688,0.0,0.9378531073446328,0.0
170316122001,7,0,42460.0,,28.4,0.12776412776412777,0.10985915492957747,0.0,0.07198228128460686,0.07198228128460686,0.8560354374307863
170316122002,1,0,44375.0,219600.0,30.3,0.04830053667262969,0.20696324951644102,0.01532033426183844,0.008835341365461847,0.08835341365461848,0.8345381526104417
170314902002,9,5,54653.0,185900.0,56.3,0.22792607802874743,0.19148936170212766,0.13096862210095497,0.07039106145251396,0.9162011173184358,0.013407821229050279
170316122003,6,1,33510.0,154100.0,23.8,0.27454545454545454,0.15288220551378445,0.11312849162011174,0.0,0.6250812215724496,0.36257309941520466
170318346001,9,1,23785.0,246200.0,45.4,0.31896551724137934,0.15879828326180256,0.022970903522205207,0.004371584699453552,0.8087431693989071,0.18688524590163935
170318447002,8,3,53200.0,,35.8,0.07,0.34050179211469533,0.2013274336283186,0.011764705882352941,0.9205882352941176,0.03676470588235294
170318447001,6,1,27257.0,,31.5,0.25663716814159293,0.35119047619047616,0.0,0.0,0.6012526096033403,0.3987473903966597
170314902001,2,8,59583.0,108100.0,38.0,0.15656565656565657,0.2240325865580448,0.18942189421894218,0.01718213058419244,0.9054982817869416,0.0
170314910003,6,1,,103100.0,36.6,0.4134831460674157,0.20909090909090908,0.06406406406406406,0.0,0.9836683417085427,0.016331658291457288
170316812001,6,1,,,21.3,0.4520123839009288,0.6341463414634146,0.12549019607843137,0.0,0.9308885754583921,0.06205923836389281
170318447003,4,6,99643.0,317000.0,36.4,0.16923076923076924,0.09748427672955975,0.3431578947368421,0.05218855218855219,0.7037037037037037,0.2441077441077441
170316114001,1,7,59330.0,,36.0,0.11731843575418995,0.0,0.12556053811659193,0.064,0.0,0.936
170316812002,8,3,79063.0,,33.3,0.11176470588235295,0.3841059602649007,0.1791044776119403,0.042735042735042736,0.8660968660968661,0.0
170314910002,6,1,50329.0,55400.0,38.7,0.33653846153846156,0.2971014492753623,0.025210084033613446,0.0021141649048625794,0.9069767441860465,0.09090909090909091
170316113003,7,0,32111.0,,36.7,0.21529745042492918,0.0,0.07051282051282051,0.0012755102040816326,0.039540816326530615,0.9591836734693877
170316114003,7,0,,110800.0,29.0,0.06451612903225806,0.17016029593094945,0.02461799660441426,0.0021008403361344537,0.0005252100840336134,0.9973739495798319
170316115002,7,0,43681.0,193400.0,38.6,0.05449591280653951,0.13204747774480713,0.07742402315484805,0.06595838866755202,0.09296148738379814,0.8410801239486498
170316117003,7,0,,,46.4,0.12641083521444696,0.056847545219638244,0.0,0.0,0.23548922056384744,0.7645107794361525
170316116001,7,0,,,23.0,0.17032967032967034,0.0,0.030800821355236138,0.0,0.32651072124756336,0.6715399610136452
170316116002,6,1,,166700.0,37.1,0.4710526315789474,0.4079601990049751,0.0,0.0,0.8575851393188855,0.14241486068111456
170316117001,7,0,,163300.0,28.0,0.09744779582366589,0.11572700296735905,0.0,0.0,0.10498220640569395,0.895017793594306
170318138012,1,7,60417.0,209100.0,27.7,0.05869074492099323,0.014742014742014743,0.050788091068301226,0.011066398390342052,0.014084507042253521,0.9748490945674044
170318138013,7,0,46875.0,162500.0,32.7,0.05580357142857143,0.061465721040189124,0.03773584905660377,0.019211324570273004,0.0,0.980788675429727
170318138024,1,0,34558.0,217300.0,30.0,0.0,0.17408123791102514,0.0,0.13130434782608696,0.03130434782608696,0.837391304347826
170318142001,1,7,71305.0,189700.0,32.9,0.04358974358974359,0.07191316146540028,0.0643699002719855,0.09791425260718424,0.01100811123986095,0.8910776361529548
170318142002,1,7,64781.0,247400.0,33.5,0.0,0.0,0.057672502574665295,0.017298735861610112,0.0,0.9634065202927479
170318142005,1,7,44000.0,217600.0,33.2,0.11306532663316583,0.0,0.16040955631399317,0.02040816326530612,0.0,0.9475218658892128
170318142006,1,7,75149.0,253100.0,32.0,0.027906976744186046,0.023923444976076555,0.0,0.11564625850340136,0.0,0.8843537414965986
170316304004,7,0,32735.0,223200.0,36.4,0.46494464944649444,0.335632183908046,0.1237928007023705,0.0,0.0,1.0
170315401012,0,4,12275.0,,16.4,0.06936416184971098,0.3361522198731501,0.05345501955671447,0.0,0.9169642857142857,0.05223214285714286
170318358001,8,3,79868.0,263800.0,29.8,0.15798319327731092,0.34355179704016914,0.25554642563681185,0.0,0.8866090712742981,0.09611231101511879
170318424002,2,8,97083.0,188900.0,50.9,0.04675876726886291,0.2508361204013378,0.30265848670756645,0.0,0.9376934984520123,0.015479876160990712
170317403001,10,2,112857.0,297100.0,41.8,0.09540034071550256,0.0,0.27791563275434245,0.8634840871021775,0.0,0.08961474036850921
170318360003,6,1,57969.0,293600.0,22.8,0.25740318906605925,0.3103448275862069,0.2018140589569161,0.01564129301355579,0.935349322210636,0.028154327424400417
170318436002,4,6,,507500.0,38.5,0.15343203230148048,0.3164763458401305,0.29949238578680204,0.017624521072796936,0.8268199233716476,0.0896551724137931
170318345001,0,4,48393.0,,31.3,0.132,0.2488479262672811,0.013348164627363738,0.01272264631043257,0.9300254452926209,0.0
170318362001,10,2,146250.0,276200.0,19.9,0.03898635477582846,0.08114035087719298,0.17446808510638298,0.5769455822118198,0.08952603861907549,0.09128145114101814
170318439001,4,6,,578800.0,57.7,0.05176470588235294,0.33161953727506427,0.1019202363367799,0.023195876288659795,0.8930412371134021,0.019329896907216496
170318344002,4,6,85696.0,341500.0,34.3,0.12420091324200913,0.19382321618743345,0.16233766233766234,0.14130434782608695,0.5291762013729977,0.02688787185354691
170318420001,4,6,104813.0,362100.0,53.7,0.05698005698005698,0.20748299319727892,0.13093709884467267,0.06679389312977099,0.674618320610687,0.06297709923664122
170316813002,6,1,,129700.0,23.2,0.37349397590361444,0.0881057268722467,0.0,0.008984105044920525,0.9426399447131997,0.0
170314602002,7,0,29314.0,96100.0,51.5,0.05741626794258373,0.24259259259259258,0.06659939455095863,0.029787234042553193,0.29106382978723405,0.6706382978723404
170316713001,9,1,26583.0,,55.0,0.32903225806451614,0.28846153846153844,0.0784313725490196,0.0,0.8894154818325435,0.11058451816745656
170316603024,7,0,52463.0,253800.0,25.5,0.30699774266365687,0.2996742671009772,0.1054897739504844,0.0,0.1407035175879397,0.8592964824120602
170318342004,2,8,,,54.1,0.0,0.0,0.3181818181818182,0.0,1.0,0.0
170318342002,6,1,,,28.1,0.24021592442645073,0.10479573712255773,0.09746588693957114,0.0029342723004694834,0.9847417840375586,0.01232394366197183
170318340001,6,1,38318.0,,29.3,0.26942567567567566,0.27167630057803466,0.1350034794711204,0.0,0.9108678655199375,0.0
170318343002,5,3,19574.0,164800.0,59.7,0.2540192926045016,0.5603448275862069,0.029342723004694836,0.0,0.920284135753749,0.03867403314917127
170316812003,9,5,15706.0,98400.0,40.4,0.1597222222222222,0.17768595041322313,0.058394160583941604,0.09234507897934387,0.7484811664641555,0.0
170316809001,9,1,10541.0,,59.1,0.39420289855072466,0.24880382775119617,0.05910735826296743,0.0,1.0,0.0
170316903002,9,5,,,47.3,0.08516886930983847,0.2934027777777778,0.13392070484581498,0.05199306759098787,0.9231658001155402,0.01848642403235124
170316813001,5,3,19205.0,,57.3,0.0622568093385214,0.4854771784232365,0.10922330097087378,0.0,1.0,0.0
170317101001,6,1,23500.0,138700.0,33.3,0.2993492407809111,0.12693498452012383,0.11982248520710059,0.0,0.9074074074074074,0.0847953216374269
170316814003,0,4,38487.0,,29.9,0.07449856733524356,0.1238390092879257,0.12572533849129594,0.0,0.869815668202765,0.09331797235023041
170316905001,9,5,56203.0,186000.0,45.6,0.2675736961451247,0.11326860841423948,0.012195121951219513,0.0,1.0,0.0
170316912002,2,8,35678.0,150000.0,45.0,0.0,0.08766233766233766,0.07142857142857142,0.0,1.0,0.0
170318343006,2,8,51763.0,190700.0,43.2,0.0,0.17057569296375266,0.4269005847953216,0.0,0.8456486042692939,0.0
170318339001,7,0,49000.0,,20.0,0.21428571428571427,0.21975806451612903,0.11412268188302425,0.0088339222614841,0.4452296819787986,0.5347467608951708
170318339002,6,1,37386.0,155500.0,44.5,0.2863741339491917,0.15857605177993528,0.13578500707213578,0.026052104208416832,0.5140280561122245,0.42384769539078154
170318340002,5,3,52188.0,163000.0,39.4,0.1855072463768116,0.42745098039215684,0.08906882591093117,0.0,1.0,0.0
170314909022,9,5,44706.0,144100.0,65.8,0.04040404040404041,0.15263157894736842,0.10689655172413794,0.0,0.9787910922587487,0.0
170313515002,8,3,80227.0,,27.6,0.16022099447513813,0.35827664399092973,0.20892494929006086,0.14102564102564102,0.6305361305361306,0.08857808857808858
170316913001,9,5,43542.0,153900.0,54.0,0.2669404517453799,0.29971988795518206,0.15531062124248496,0.0,0.9686360320933625,0.025528811086797956
170317001002,0,4,,198000.0,32.3,0.023064250411861616,0.11627906976744186,0.07126696832579185,0.00726552179656539,0.5250990752972259,0.37780713342140027
170317002003,1,7,80341.0,215800.0,36.8,0.07834101382488479,0.09705372616984402,0.1101123595505618,0.09806629834254144,0.19820441988950277,0.7037292817679558
170317004023,2,8,106927.0,273900.0,45.5,0.03553299492385787,0.2657894736842105,0.20137299771167047,0.0389908256880734,0.8761467889908257,0.08180428134556575
170317005022,2,8,77273.0,213500.0,39.8,0.04382826475849732,0.01744186046511628,0.20070671378091873,0.0436397400185701,0.7609099350046425,0.1764159702878366
170317005021,9,5,95599.0,266300.0,53.2,0.18312387791741472,0.15419501133786848,0.0812603648424544,0.045272969374167776,0.9267643142476698,0.017976031957390146
170318352001,1,7,79875.0,257500.0,37.3,0.07674418604651163,0.1650485436893204,0.12655086848635236,0.15289982425307558,0.07820738137082602,0.7368189806678384
170318399002,10,2,111696.0,394200.0,36.5,0.024500907441016333,0.21550094517958412,0.24641350210970464,0.504778972520908,0.02090800477897252,0.3363201911589008
170318397002,3,9,85294.0,258800.0,31.5,0.044654939106901215,0.10403726708074534,0.3322615219721329,0.2714859437751004,0.0819277108433735,0.40642570281124496
170318426001,4,6,79583.0,385200.0,38.8,0.062264150943396226,0.1013215859030837,0.29404145077720206,0.19377431906614787,0.1828793774319066,0.3167315175097276
170318426004,10,2,120588.0,295500.0,42.8,0.026685393258426966,0.07535321821036106,0.1403118040089087,0.6986183074265976,0.045768566493955096,0.19343696027633853
170318438002,9,5,30525.0,,63.4,0.0,0.16666666666666666,0.03597122302158273,0.028680688336520075,0.8355640535372849,0.0841300191204589
170318351001,1,0,55135.0,162500.0,33.2,0.0,0.14713216957605985,0.0,0.059782608695652176,0.14673913043478262,0.7663043478260869
170318350001,7,0,23075.0,91600.0,30.4,0.351010101010101,0.058365758754863814,0.05289672544080604,0.0,0.31127272727272726,0.6887272727272727
170315603001,1,7,42383.0,238300.0,36.3,0.05114401076716016,0.09645390070921986,0.13452027695351138,0.17479925880172947,0.07782581840642372,0.7158739962940086
170316603011,7,0,24628.0,153500.0,29.6,0.28761061946902655,0.2422360248447205,0.07565470417070805,0.019307211811470756,0.29131175468483816,0.6893810335036911
170316711001,6,1,15159.0,107800.0,45.4,0.3706896551724138,0.3013698630136986,0.04234527687296417,0.0,1.0,0.0
170316911004,4,8,58438.0,317800.0,43.5,0.02631578947368421,0.1167192429022082,0.1769436997319035,0.0,1.0,0.0
170314109001,4,6,63844.0,351600.0,34.3,0.01808785529715762,0.5578947368421052,0.081419624217119,0.5223642172523961,0.2539936102236422,0.05591054313099041
170316115001,7,0,40423.0,173900.0,36.2,0.16666666666666666,0.31203931203931207,0.0,0.0,0.11341222879684418,0.8865877712031558
170318233046,0,7,58929.0,174800.0,38.0,0.056016597510373446,0.03736263736263736,0.054901960784313725,0.26146788990825687,0.27370030581039756,0.4327217125382263
170318401002,4,6,73533.0,454500.0,39.9,0.04081632653061224,0.125,0.18060695780903036,0.30039084310441094,0.009491903964265773,0.05862646566164154
170316604002,7,0,29408.0,205500.0,42.2,0.22815533980582525,0.2169811320754717,0.05319148936170213,0.06555772994129158,0.08904109589041095,0.8454011741682974
170316203006,7,0,47696.0,196000.0,39.4,0.12368421052631579,0.22150882825040127,0.03006872852233677,0.15347432024169183,0.022356495468277945,0.8241691842900302
170316009004,4,6,,356200.0,37.3,0.10982048574445617,0.11150652431791222,0.12533333333333332,0.096569250317662,0.10165184243964422,0.32655654383735705
170315808001,1,0,63333.0,223700.0,32.5,0.09507640067911714,0.16699604743083005,0.09948792977322604,0.006202290076335878,0.0,0.9604007633587787
170316203002,1,7,134297.0,250200.0,26.1,0.05722460658082976,0.09204368174726989,0.047879616963064295,0.06631499623210249,0.0,0.9336850037678975
170318436001,4,6,57292.0,341500.0,32.6,0.05012744265080714,0.1565059144676979,0.3065040650406504,0.06983744732089103,0.8657435279951836,0.027694160144491272
170314603024,6,1,,147800.0,24.7,0.48299319727891155,0.125,0.11824324324324324,0.0136,0.7472,0.0128
170318388002,0,4,29051.0,132300.0,32.3,0.14563106796116504,0.2528409090909091,0.12681388012618297,0.02377468910021946,0.6474030724213606,0.3215069495245062
170318347003,9,5,50565.0,221200.0,53.3,0.0,0.30288461538461536,0.08767772511848342,0.0,1.0,0.0
170318207001,3,9,82500.0,198900.0,39.2,0.1506849315068493,0.02258064516129032,0.3817258883248731,0.3715328467153285,0.0,0.589051094890511
170317203001,10,2,116731.0,390900.0,52.6,0.09966216216216216,0.17791411042944785,0.27955665024630544,0.6558441558441559,0.29653679653679654,0.03354978354978355
170316608004,1,7,,264800.0,19.3,0.0784313725490196,0.0,0.0,0.0,0.10946196660482375,0.8905380333951762
170317102002,5,3,,203600.0,42.3,0.07608695652173914,0.24313725490196078,0.03747534516765286,0.0,0.9745403111739745,0.0
170313017013,7,0,65859.0,228900.0,60.8,0.0,0.35602094240837695,0.12197928653624857,0.05301455301455302,0.0,0.9043659043659044
170316009002,4,6,66442.0,385000.0,35.4,0.0,0.26904376012965964,0.28304405874499333,0.5176211453744494,0.01762114537444934,0.1420704845814978
170314205001,4,6,20208.0,415900.0,39.5,0.11217183770883055,0.24731182795698925,0.15109034267912771,0.0,0.9769633507853404,0.023036649214659685
170318387003,9,5,,187200.0,58.4,0.2248062015503876,0.0,0.04093567251461988,0.013812154696132596,0.56353591160221,0.42265193370165743
170314601002,2,8,81250.0,110500.0,47.6,0.16422287390029325,0.14035087719298245,0.2458233890214797,0.040998217468805706,0.39928698752228164,0.4741532976827095
170315502002,1,7,48182.0,185200.0,35.7,0.0,0.0,0.17371937639198218,0.36603221083455345,0.11273792093704246,0.5212298682284041
170318209011,10,2,46571.0,241900.0,38.0,0.06502636203866433,0.046351084812623275,0.054071661237785014,0.5237030411449016,0.020572450805008944,0.43202146690518783
170317104004,9,5,29577.0,117100.0,40.9,0.14761904761904762,0.0,0.12142857142857143,0.13043478260869565,0.8337595907928389,0.0
170316706002,5,3,,,42.5,0.12921348314606743,0.25161290322580643,0.06324110671936758,0.0,0.6582633053221288,0.34173669467787116
170317404002,10,2,123375.0,326200.0,35.1,0.07676767676767676,0.0,0.21288014311270126,0.9659520807061791,0.0,0.034047919293820936
170314212002,9,3,26563.0,204200.0,56.4,0.2633333333333333,0.40476190476190477,0.18828451882845187,0.00684931506849315,0.9657534246575342,0.010273972602739725
170317105002,2,4,,181300.0,41.1,0.0,0.0,0.06572769953051644,0.0,0.9546191247974068,0.0
170316502003,1,7,96726.0,296300.0,28.9,0.19586206896551725,0.0411663807890223,0.0,0.18906394810009267,0.0,0.8109360518999074
170316605001,7,0,41522.0,192700.0,29.9,0.09344262295081968,0.054613935969868174,0.013736263736263736,0.020684168655529037,0.06284805091487669,0.9164677804295943
170314313021,6,1,22745.0,,29.3,0.23597678916827852,0.3341772151898734,0.0407055630936228,0.0,0.6410453497309762,0.35895465026902384
170314401022,2,8,56103.0,255500.0,56.3,0.11935483870967742,0.36996336996337,0.4559386973180077,0.0,1.0,0.0
170316114002,7,0,27719.0,,27.1,0.36712328767123287,0.3593073593073593,0.0,0.0,0.0,1.0
170316909003,9,5,32992.0,,60.7,0.0,0.2702702702702703,0.2509505703422053,0.0,0.9385113268608414,0.061488673139158574
170317004013,10,2,98355.0,228900.0,39.7,0.05432098765432099,0.15512465373961218,0.15526802218114602,0.1308623298033283,0.3774583963691377,0.367624810892587
170317302015,8,3,130082.0,123500.0,25.8,0.016483516483516484,0.3854748603351955,0.1128084606345476,0.006329113924050633,0.930379746835443,0.05569620253164557
170318407002,1,7,85962.0,262700.0,42.4,0.0,0.15609756097560976,0.14209591474245115,0.08458390177353342,0.0,0.7748976807639836
170316303001,7,0,58491.0,,45.0,0.10470588235294118,0.21279554937413073,0.060714285714285714,0.03601800900450225,0.0,0.9639819909954978
170318221022,7,2,47363.0,167400.0,47.1,0.11398354876615746,0.0,0.2292418772563177,0.3331103678929766,0.07224080267558529,0.5110367892976588
170318365001,0,4,30536.0,,36.7,0.0,0.25161290322580643,0.16152019002375298,0.0,1.0,0.0
170313902002,4,6,115594.0,347400.0,39.0,0.12204234122042341,0.07413010590015129,0.30988786952089703,0.16766070245195494,0.6302186878727635,0.05500331345261763
170317108002,0,4,,,30.5,0.16818181818181818,0.24043715846994534,0.07035175879396985,0.0,1.0,0.0
170314106001,4,6,69167.0,378900.0,31.2,0.032171581769437,0.17073170731707318,0.2724014336917563,0.37057877813504825,0.2717041800643087,0.1527331189710611
170315501004,10,2,100565.0,,42.1,0.2578397212543554,0.215962441314554,0.18791946308724833,0.40601503759398494,0.0,0.5939849624060151
170317112003,8,3,123229.0,196200.0,29.8,0.13119143239625167,0.393526405451448,0.09240506329113925,0.0,0.627906976744186,0.3570892723180795
170316502002,1,7,,256700.0,36.8,0.0,0.022540983606557378,0.028151774785801713,0.24182444061962136,0.0,0.7581755593803786
170313107001,1,9,62647.0,,30.1,0.14146341463414633,0.3409090909090909,0.23867403314917127,0.18759231905465287,0.0672082717872969,0.6174298375184638
170315906002,7,0,40732.0,223400.0,45.3,0.0,0.26046511627906976,0.154292343387471,0.20630372492836677,0.04011461318051576,0.5310410697230181
170312916001,1,9,120207.0,337500.0,38.3,0.10416666666666667,0.29071803852889666,0.08290685772773797,0.18404478656403078,0.10146955913226033,0.7144856543037089
170314303002,6,1,,171300.0,23.8,0.21739130434782608,0.0,0.2179930795847751,0.0,0.931323283082077,0.06867671691792294
170314402011,2,8,14778.0,276900.0,34.0,0.09427966101694915,0.08771929824561403,0.20494186046511628,0.0,1.0,0.0
170314604001,0,4,68199.0,218600.0,37.7,0.08928571428571429,0.10084033613445378,0.13333333333333333,0.01569506726457399,0.8486547085201793,0.0
170318142003,1,7,54191.0,230500.0,34.8,0.048939641109298535,0.0,0.1901840490797546,0.04948124501197127,0.08060654429369513,0.8699122106943336
170318398003,4,6,88889.0,609800.0,35.0,0.0,0.21713147410358566,0.18387553041018387,0.5859802847754655,0.060240963855421686,0.21467688937568455
170314305001,5,3,21681.0,,46.1,0.16155419222903886,0.6048780487804878,0.10191846522781775,0.0,0.9386120996441281,0.03469750889679715
170318233044,10,2,68494.0,159800.0,41.5,0.0928,0.0,0.12873563218390804,0.5957910014513788,0.13933236574746008,0.2648766328011611
170318245031,10,2,90284.0,157500.0,47.3,0.07242990654205607,0.037783375314861464,0.25865580448065173,0.7092084006462036,0.23747980613893377,0.0
170316604003,1,7,95196.0,169800.0,36.7,0.11731843575418995,0.07063197026022305,0.22587268993839835,0.017879948914431672,0.0,0.9821200510855683
170317106002,5,3,34657.0,227000.0,50.2,0.11835748792270531,0.5232876712328767,0.18392370572207084,0.10805300713557595,0.8083588175331294,0.05504587155963303
170318218006,10,2,143194.0,196100.0,35.0,0.125,0.0,0.3584905660377358,0.9194865810968494,0.0,0.08051341890315053
170313016002,7,0,31563.0,175600.0,37.8,0.05341246290801187,0.12539184952978055,0.12074829931972789,0.05218525766470972,0.06196999347684279,0.8741030658838878
170315907001,1,7,91442.0,330800.0,40.7,0.011828935395814377,0.18102613746369797,0.1414225941422594,0.11600237953599048,0.014277215942891136,0.6704342653182629
170317404001,10,2,135000.0,291400.0,48.1,0.0291005291005291,0.0,0.11330935251798561,0.9570707070707071,0.0,0.02904040404040404
170314302002,4,6,,603200.0,33.4,0.053763440860215055,0.2926356589147287,0.077733860342556,0.20862068965517241,0.7913793103448276,0.0
170314503004,9,5,58167.0,,49.1,0.1024390243902439,0.14035087719298245,0.1453900709219858,0.07920792079207921,0.7755775577557755,0.0
170314207003,5,3,22520.0,141700.0,36.4,0.17905405405405406,0.37606837606837606,0.08902691511387163,0.0,0.9736070381231672,0.0
170318415001,6,1,32167.0,155700.0,30.1,0.2719546742209632,0.1828793774319066,0.10443037974683544,0.025231286795626577,0.9747687132043734,0.0
170314102001,3,9,51739.0,268800.0,27.0,0.026077097505668934,0.256198347107438,0.30193548387096775,0.4028103044496487,0.29195940671350507,0.14207650273224043
170316112001,7,0,24261.0,,36.0,0.038781163434903045,0.2831541218637993,0.0,0.13033175355450238,0.11492890995260663,0.754739336492891
170313017012,7,0,53056.0,185300.0,46.4,0.07570093457943926,0.03400637619553666,0.0,0.16322611617858857,0.0,0.8367738838214114
170316914003,5,3,29306.0,143800.0,41.5,0.2081447963800905,0.46285714285714286,0.13901345291479822,0.0,0.9019033674963397,0.0
170318439003,2,8,63148.0,104900.0,54.0,0.03949730700179533,0.09345794392523364,0.33727810650887574,0.16339869281045752,0.6982570806100218,0.10675381263616558
170318439005,8,3,44000.0,,30.1,0.0,0.3333333333333333,0.28884462151394424,0.010857763300760043,0.9348534201954397,0.01520086862106406
170318264012,0,4,57571.0,136300.0,36.3,0.14431673052362706,0.06879194630872483,0.12954333643988816,0.012915129151291513,0.922509225092251,0.05289052890528905
170318234001,1,7,112031.0,131300.0,30.4,0.12215320910973085,0.0,0.148014440433213,0.12807377049180327,0.0235655737704918,0.8483606557377049
170313818001,4,6,84934.0,392500.0,37.5,0.12897196261682242,0.13733905579399142,0.2368839427662957,0.05370569280343716,0.8850698174006445,0.0
170313815001,9,3,23288.0,,52.8,0.2978723404255319,0.398989898989899,0.13530655391120508,0.01791044776119403,0.9432835820895522,0.0
170313817001,0,4,,,,0.0,0.0,0.0,0.0,0.0,0.0
170313818002,4,8,,320300.0,46.4,0.14906832298136646,0.03529411764705882,0.15894039735099338,0.07065217391304347,0.8278985507246377,0.06340579710144928
170313819001,2,8,63221.0,233300.0,45.2,0.24594594594594596,0.0,0.24183006535947713,0.16567164179104477,0.8253731343283582,0.008955223880597015
170313819002,6,1,58026.0,333300.0,36.7,0.27808988764044945,0.08181818181818182,0.0865979381443299,0.019174041297935103,0.887905604719764,0.03982300884955752
170313901001,4,6,65833.0,445800.0,28.6,0.12111111111111111,0.3030690537084399,0.22986425339366515,0.08737864077669903,0.7680690399137001,0.045307443365695796
170314605003,9,3,54931.0,246200.0,59.1,0.1643835616438356,0.4122137404580153,0.2081447963800905,0.03282828282828283,0.9671717171717171,0.0
170313902001,4,6,92083.0,311500.0,39.5,0.030232558139534883,0.08393285371702638,0.23146067415730337,0.11210762331838565,0.6532137518684604,0.01195814648729447
170313903002,6,1,,,39.1,0.31625,0.22851919561243145,0.10847701149425287,0.14524838012958963,0.7705183585313174,0.025377969762419007
170313904001,4,6,,402200.0,29.9,0.2006269592476489,0.1731958762886598,0.2314148681055156,0.053475935828877004,0.9113827349121467,0.0007639419404125286
170314605004,8,3,92000.0,,28.4,0.0,0.3695198329853862,0.3060869565217391,0.11439466158245949,0.8856053384175405,0.0
170314605005,5,3,96073.0,173600.0,44.1,0.044596912521440824,0.4991023339317774,0.1379746835443038,0.0,1.0,0.0
170314605006,8,3,132574.0,217000.0,30.3,0.0,0.1951219512195122,0.1760154738878143,0.008264462809917356,0.9917355371900827,0.0
170315501003,6,1,,181300.0,31.1,0.47890818858560796,0.21428571428571427,0.14358974358974358,0.39872521246458925,0.37677053824362605,0.1961756373937677
170314605007,2,8,,159500.0,56.5,0.0,0.16444444444444445,0.2794348508634223,0.0,1.0,0.0
170315501001,0,4,30793.0,190100.0,29.4,0.04554079696394687,0.1749502982107356,0.038135593220338986,0.25693893735130846,0.4726407613005551,0.2704203013481364
170315501002,10,2,163879.0,218100.0,37.4,0.0,0.13530655391120508,0.1254355400696864,0.25416666666666665,0.0,0.7458333333333333
170316201003,7,7,,291800.0,46.5,0.028925619834710745,0.06382978723404255,0.02570093457943925,0.10687022900763359,0.0,0.8931297709923665
170316201001,1,0,58033.0,215200.0,28.6,0.09685641461342395,0.1206896551724138,0.1057204923968139,0.13825929283771532,0.025385312783318223,0.8041704442429737
170316120001,6,1,46683.0,165800.0,40.1,0.19813519813519814,0.14534883720930233,0.05252918287937743,0.0,0.5391414141414141,0.46085858585858586
170316201002,1,7,99000.0,236600.0,33.4,0.1141804788213628,0.09674027339642481,0.09527754763877382,0.040268456375838924,0.0,0.8347960764068146
170316202001,10,2,67440.0,243600.0,40.7,0.14555256064690028,0.1064516129032258,0.21731448763250882,0.5069356872635561,0.0,0.4930643127364439
170316202002,1,7,49402.0,245500.0,35.8,0.06020066889632107,0.13345195729537365,0.0907911802853437,0.2025974025974026,0.0,0.7627705627705628
170316203003,3,9,66042.0,191500.0,39.1,0.028282828282828285,0.1288981288981289,0.44410876132930516,0.24451097804391217,0.0,0.6836327345309381
170318314001,5,3,72716.0,196400.0,33.5,0.17682926829268292,0.837037037037037,0.13291139240506328,0.0,0.8766756032171582,0.12332439678284182
170316203005,10,2,165709.0,267800.0,43.8,0.0888030888030888,0.2309322033898305,0.17629629629629628,0.3584905660377358,0.0,0.6415094339622641
170318419002,10,2,130969.0,378400.0,29.2,0.15157004830917875,0.14506172839506173,0.17848036715961244,0.4342258440046566,0.20285215366705472,0.11263096623981374
170312838001,0,4,36696.0,261100.0,23.6,0.0,0.11076923076923077,0.18275862068965518,0.10609756097560975,0.823170731707317,0.03902439024390244
170312838002,4,6,83125.0,353500.0,35.1,0.050816696914700546,0.12746972594008923,0.3123222748815166,0.30290611028315945,0.5234724292101341,0.06259314456035768
170315501005,1,7,102014.0,293900.0,48.5,0.0,0.06880733944954129,0.17735849056603772,0.31268882175226587,0.0,0.6873111782477341
170315502001,1,7,78776.0,172500.0,38.3,0.11794871794871795,0.10663983903420524,0.11038536903984324,0.33956095282578236,0.014479215319943952,0.6459598318542737
170315601001,7,0,59286.0,256700.0,51.6,0.09403669724770643,0.03926701570680628,0.10467479674796748,0.1191588785046729,0.17679127725856697,0.5186915887850467
170316304001,7,0,57417.0,180500.0,29.0,0.25572519083969464,0.10256410256410256,0.013888888888888888,0.0,0.01852995676343422,0.9814700432365658
170316203004,7,0,56548.0,226000.0,31.6,0.18565400843881857,0.22538860103626943,0.03231017770597738,0.0869120654396728,0.0,0.9130879345603272
170316204001,7,0,53816.0,205000.0,34.7,0.09320388349514563,0.23448275862068965,0.05891016200294551,0.06448598130841121,0.0,0.9355140186915888
170316204002,7,0,53705.0,198500.0,40.3,0.14264919941775836,0.03904923599320883,0.08537886872998933,0.00808080808080808,0.022222222222222223,0.9158249158249159
170316204003,7,2,79492.0,226600.0,50.7,0.17773788150807898,0.1445221445221445,0.08885941644562334,0.24190064794816415,0.0,0.6771058315334774
170316204004,7,0,28914.0,234800.0,18.2,0.12468193384223919,0.15988372093023256,0.11177644710578842,0.049102927289896126,0.0028328611898017,0.8876298394711992
170316303002,1,7,,237900.0,41.4,0.06172839506172839,0.05382775119617225,0.10854092526690391,0.04566420664206642,0.03413284132841329,0.8902214022140221
170316304002,7,0,47276.0,207100.0,44.0,0.11043872919818457,0.17687074829931973,0.08415300546448087,0.08491343775762572,0.0,0.8845836768342952
170316304003,7,0,33636.0,187100.0,27.9,0.2983508245877061,0.2234513274336283,0.01806451612903226,0.010570824524312896,0.05426356589147287,0.9351656095842142
170313904002,9,5,24734.0,263600.0,61.0,0.029649595687331536,0.25,0.1568627450980392,0.058163265306122446,0.8561224489795919,0.03877551020408163
170318386002,0,4,,,37.0,0.1880597014925373,0.08088235294117647,0.0,0.04461371055495103,0.6376496191512514,0.24591947769314473
170318386001,5,3,17216.0,,43.6,0.18994413407821228,0.6033057851239669,0.05102040816326531,0.021702838063439065,0.8714524207011686,0.0
170318430001,5,3,16750.0,238500.0,43.9,0.033846153846153845,0.34519572953736655,0.0625,0.0976027397260274,0.886986301369863,0.015410958904109588
170318361002,6,1,,269500.0,32.7,0.1984375,0.13060428849902533,0.2647058823529412,0.037197231833910036,0.8624567474048442,0.0
170313905001,4,6,58194.0,657100.0,40.7,0.053022269353128315,0.2386634844868735,0.23776758409785934,0.25141562853907135,0.5719139297848245,0.06625141562853908
170313906001,4,6,,458100.0,37.3,0.09060955518945635,0.3234624145785877,0.38767123287671235,0.2280334728033473,0.7071129707112971,0.0
170313906002,4,6,119107.0,625000.0,36.6,0.02091254752851711,0.172,0.17881944444444445,0.6509216589861752,0.18663594470046083,0.02534562211981567
170313907002,4,6,69841.0,427300.0,59.1,0.0774487471526196,0.12207792207792208,0.29073856975381007,0.3631937682570594,0.5589094449853943,0.0
170318361001,0,1,17679.0,135400.0,30.4,0.210727969348659,0.23300970873786409,0.18181818181818182,0.011922503725782414,0.9538002980625931,0.01788375558867362
170314801001,2,8,71250.0,184300.0,48.9,0.09265734265734266,0.1342685370741483,0.21320973348783315,0.0,0.9948542024013722,0.005145797598627788
170314802001,2,8,61094.0,132000.0,61.4,0.05423728813559322,0.10112359550561797,0.2820976491862568,0.0,0.9817351598173516,0.0182648401826484
170314804002,9,5,55325.0,193400.0,53.0,0.0,0.12849162011173185,0.13312693498452013,0.0,0.9767441860465116,0.0
170314804003,8,3,64901.0,184200.0,36.0,0.0,0.431740614334471,0.26371681415929205,0.0,0.9626352015732547,0.02064896755162242
170315602002,7,0,55694.0,248100.0,39.2,0.0881057268722467,0.2512690355329949,0.07804878048780488,0.017661900756938603,0.41379310344827586,0.45248107653490327
170314803001,2,8,57839.0,187500.0,39.7,0.04710144927536232,0.22244897959183674,0.24151967435549526,0.0035366931918656055,0.9292661361626879,0.05570291777188329
170314804001,9,5,83726.0,175200.0,55.5,0.0,0.2844574780058651,0.13569937369519833,0.0,1.0,0.0
170314804004,4,6,161081.0,324200.0,49.3,0.0,0.07231920199501247,0.46871008939974457,0.0,0.9961685823754789,0.0038314176245210726
170314804005,2,8,59000.0,165800.0,60.0,0.44481605351170567,0.0,0.44242424242424244,0.0,1.0,0.0
170315602001,9,5,42550.0,256300.0,74.4,0.13636363636363635,0.0,0.0,0.08196721311475409,0.6721311475409836,0.2459016393442623
170315604001,1,7,77125.0,232800.0,32.9,0.03185595567867036,0.0,0.07201458523245215,0.1444954128440367,0.0,0.8463302752293578
170318267001,0,4,,80400.0,34.3,0.10653753026634383,0.10569105691056911,0.028764805414551606,0.1889763779527559,0.7997750281214848,0.0
170316501002,1,7,,244100.0,35.2,0.09935205183585313,0.014388489208633094,0.08952380952380952,0.12440944881889764,0.0031496062992125984,0.8708661417322835
170316501004,1,9,103197.0,203500.0,35.4,0.04803073967339097,0.30474268415741673,0.20245398773006135,0.03207547169811321,0.01509433962264151,0.9528301886792453
170317304004,9,5,93750.0,126100.0,48.6,0.1478405315614618,0.32943469785575047,0.10626398210290827,0.00596252129471891,0.9829642248722317,0.011073253833049404
170316716002,0,4,,201600.0,29.2,0.13202247191011235,0.28,0.008771929824561403,0.0,1.0,0.0
170317108005,9,1,23794.0,,51.2,0.4318181818181818,0.36,0.0,0.0,0.9948119325551232,0.005188067444876783
170318235003,10,2,118319.0,174400.0,47.2,0.0436817472698908,0.055267702936096716,0.09819121447028424,0.41565040650406504,0.05894308943089431,0.5193089430894309
170316910004,2,8,77625.0,,51.0,0.0,0.20606060606060606,0.25,0.0,1.0,0.0
170316708001,9,5,,153500.0,47.2,0.16062176165803108,0.20987654320987653,0.1044776119402985,0.0,0.946987951807229,0.05301204819277108
170318142004,1,7,68578.0,205000.0,29.1,0.0,0.05521472392638037,0.08279569892473118,0.024135681669928244,0.0,0.9758643183300717
170317107003,9,5,,133600.0,63.0,0.21266968325791855,0.08045977011494253,0.0,0.02564102564102564,0.9214743589743589,0.0
170315807003,1,7,127031.0,210900.0,30.3,0.03861517976031957,0.07479224376731301,0.05483271375464684,0.025897586815773983,0.0,0.9452619187757504
170316117002,7,0,31544.0,106100.0,26.6,0.17543859649122806,0.0,0.0,0.0,0.5351906158357771,0.46480938416422285
170317401003,10,2,133398.0,282800.0,42.3,0.02601156069364162,0.0,0.3453389830508475,0.749185667752443,0.0,0.16612377850162866
170318220005,10,2,64712.0,155000.0,43.0,0.08048289738430583,0.1092896174863388,0.08392857142857142,0.783989834815756,0.036848792884371026,0.14612452350698857
170316806001,6,1,50330.0,,27.5,0.2733918128654971,0.4327956989247312,0.1759656652360515,0.0025466893039049238,0.9949066213921901,0.0
170316309001,7,0,33861.0,170200.0,27.4,0.3416536661466459,0.16824644549763032,0.04803073967339097,0.013429752066115703,0.04442148760330578,0.9395661157024794
170314913001,6,4,40250.0,87400.0,33.4,0.19658119658119658,0.1564625850340136,0.05465587044534413,0.002570694087403599,0.9974293059125964,0.0
170315806004,1,7,71414.0,182100.0,35.7,0.12655601659751037,0.07255936675461741,0.24585635359116023,0.11820925553319919,0.01056338028169014,0.7505030181086519
170313108001,1,9,,,29.0,0.026348808030112924,0.422680412371134,0.3449519230769231,0.2736660929432014,0.0,0.6876075731497419
170317114003,0,4,54643.0,186200.0,33.6,0.1238390092879257,0.19047619047619047,0.07878787878787878,0.0,1.0,0.0
170316203001,1,7,68264.0,301700.0,42.5,0.03350970017636684,0.0,0.12038140643623362,0.1693121693121693,0.0,0.7936507936507936
170314205002,9,5,34620.0,144600.0,59.0,0.4984126984126984,0.25,0.23752711496746204,0.018433179723502304,0.9631336405529954,0.010138248847926268
170314802002,2,8,46635.0,230400.0,44.2,0.14859437751004015,0.10628019323671498,0.36454849498327757,0.0,0.7975,0.0825
170314004002,6,1,56250.0,158300.0,34.3,0.25287356321839083,0.1457286432160804,0.17509727626459143,0.00849514563106796,0.9611650485436893,0.025485436893203883
170318398001,3,9,,,33.4,0.10810810810810811,0.28619528619528617,0.2894736842105263,0.4270386266094421,0.13304721030042918,0.16738197424892703
170314203001,10,2,38583.0,278600.0,21.4,0.12974976830398516,0.1346578366445916,0.1845965770171149,0.3839679358717435,0.31623246492985974,0.07014028056112225
170317105003,0,1,30909.0,163100.0,32.6,0.2468354430379747,0.09663865546218488,0.0029411764705882353,0.012773722627737226,0.9142335766423357,0.05656934306569343
170316118002,5,3,,152100.0,40.7,0.12875536480686695,0.729064039408867,0.016355140186915886,0.0,0.78125,0.21875
170316119002,7,0,44650.0,,29.5,0.14556962025316456,0.14018691588785046,0.03722084367245657,0.0,0.5784574468085106,0.42154255319148937
170316910002,2,8,92521.0,226600.0,49.2,0.17328519855595667,0.0,0.12170385395537525,0.0,1.0,0.0
170318363002,3,9,73047.0,283300.0,32.0,0.037383177570093455,0.1262135922330097,0.36901408450704226,0.4255983350676379,0.3756503642039542,0.043704474505723206
170316811003,6,1,,,34.7,0.4567901234567901,0.3409090909090909,0.09302325581395349,0.0,1.0,0.0
170317102001,5,3,18384.0,,30.0,0.13261648745519714,0.48760330578512395,0.057291666666666664,0.024965325936199722,0.9750346740638003,0.0
170313302001,5,3,16921.0,,33.7,0.09826589595375723,0.46206896551724136,0.043478260869565216,0.045,0.8425,0.0
170314913004,6,1,30417.0,,28.5,0.23026315789473684,0.07692307692307693,0.06372549019607843,0.0,1.0,0.0
170314908005,5,3,,,57.0,0.2914285714285714,0.782258064516129,0.0,0.0,1.0,0.0
170313504001,5,3,22292.0,,32.0,0.21798780487804878,0.37037037037037035,0.07905138339920949,0.005064715813168261,0.9459763646595385,0.04895891952729319
170313108002,1,0,38750.0,,32.0,0.12588652482269502,0.24543610547667344,0.14008941877794337,0.10521235521235521,0.01447876447876448,0.8079150579150579
170316909002,9,5,55500.0,,45.8,0.33640552995391704,0.0,0.057971014492753624,0.0,0.8812154696132597,0.0
170316720003,2,8,71549.0,198600.0,39.3,0.0,0.27319587628865977,0.2361111111111111,0.0,1.0,0.0
170317201002,10,2,151875.0,419000.0,35.2,0.22148394241417496,0.2780979827089337,0.2790492957746479,0.4954591321897074,0.27547931382441976,0.18920282542885974
170317114002,0,4,,183600.0,32.4,0.11243611584327087,0.29174664107485604,0.09234828496042216,0.0076726342710997444,0.8806479113384484,0.08951406649616368
170317103001,2,8,54444.0,132000.0,42.1,0.06174496644295302,0.1981981981981982,0.05928853754940711,0.0,0.9406657018813314,0.023154848046309694
170317104005,0,4,71458.0,183500.0,27.5,0.10663198959687907,0.10189228529839883,0.13595166163141995,0.0,0.8660313901345291,0.10257847533632287
170317112004,9,5,77730.0,176200.0,54.0,0.09990108803165183,0.17130144605116795,0.13092161929371232,0.00801068090787717,0.9198931909212283,0.029372496662216287
170317109002,6,4,53625.0,230400.0,25.3,0.13680781758957655,0.20943396226415095,0.16226912928759896,0.0,0.8847957133288681,0.09176155391828533
170317110002,6,1,60844.0,194100.0,34.5,0.25770020533880905,0.26307922272047835,0.07734428473648186,0.03908523908523909,0.9230769230769231,0.03783783783783784
170317202003,10,2,127700.0,364200.0,48.9,0.08263198163733741,0.3102585487906589,0.2367601246105919,0.5425017277125086,0.3496890117484451,0.09364201796821009
170318349002,5,3,14743.0,111600.0,52.5,0.23626373626373626,0.5384615384615384,0.020833333333333332,0.014285714285714285,0.9507936507936507,0.0015873015873015873
170318348003,9,8,41875.0,110500.0,41.3,0.19771863117870722,0.1848341232227488,0.14878048780487804,0.0,0.9004739336492891,0.08846761453396525
170318348001,2,8,20521.0,223000.0,46.8,0.19367588932806323,0.11764705882352941,0.3142857142857143,0.0,0.9366754617414248,0.0316622691292876
170318348002,9,3,11850.0,,55.3,0.24277456647398843,0.29770992366412213,0.06147540983606557,0.026825633383010434,0.9299552906110283,0.037257824143070044
170318418001,6,0,41978.0,172200.0,31.9,0.1832797427652733,0.27165354330708663,0.10204081632653061,0.0049586776859504135,0.4396694214876033,0.48760330578512395
170315305033,2,8,48258.0,126100.0,46.8,0.211340206185567,0.08496732026143791,0.25709057639524246,0.0,0.9781659388646288,0.0
170317003013,1,7,69397.0,212400.0,31.1,0.1338495575221239,0.08604954367666232,0.14731785428342675,0.17560512577123874,0.04081632653061224,0.783578547698149
170317203003,10,2,188269.0,455000.0,41.7,0.058423913043478264,0.23133235724743778,0.46971109040074555,0.8391660461653015,0.08562918838421445,0.0387192851824274
170317205002,10,2,101442.0,334900.0,46.8,0.03235294117647059,0.11556240369799692,0.3222354340071344,0.9198606271777003,0.03048780487804878,0.04355400696864112
170318434001,0,4,32404.0,200000.0,37.2,0.12903225806451613,0.09116809116809117,0.03571428571428571,0.01240694789081886,0.5674110835401158,0.42018196856906537
170312832001,4,6,57055.0,387200.0,28.0,0.10228401191658391,0.31136363636363634,0.3132411067193676,0.26577880718008107,0.5182397220613781,0.04921829762594094
170313103001,4,6,66683.0,551100.0,38.1,0.001892147587511826,0.12704523580365737,0.14761544284632855,0.17374727668845316,0.029411764705882353,0.7619825708061002
170312924002,5,3,47311.0,231100.0,38.3,0.08766233766233766,0.3540925266903915,0.13828238719068414,0.2985332182916307,0.6850733390854185,0.01639344262295082
170317307002,2,8,,166200.0,48.0,0.11553030303030302,0.11830357142857142,0.15474642392717816,0.0,0.9792349726775956,0.0
170317207002,10,2,118824.0,283900.0,43.8,0.09154929577464789,0.0,0.21652892561983472,0.27014755959137343,0.684449489216799,0.04540295119182747
170317501003,9,5,,186100.0,49.8,0.14712153518123666,0.22894736842105262,0.06532663316582915,0.0,1.0,0.0
170317304003,2,8,62639.0,202500.0,50.6,0.03676470588235294,0.07509881422924901,0.2512820512820513,0.0,1.0,0.0
170317306002,2,8,77801.0,190500.0,45.0,0.12213740458015267,0.0391304347826087,0.13246753246753246,0.030110935023771792,0.9334389857369255,0.018225039619651346
170317305004,9,5,64491.0,130400.0,61.2,0.14710485133020346,0.11487758945386065,0.06913996627318718,0.0,1.0,0.0
170313018023,7,0,24921.0,196100.0,38.0,0.0,0.13424657534246576,0.03063063063063063,0.0,0.0,1.0
170313018022,7,0,47117.0,208700.0,26.3,0.1431451612903226,0.11529411764705882,0.06716417910447761,0.039603960396039604,0.008377760853008377,0.952018278750952
170314307002,9,3,,210100.0,49.8,0.25510204081632654,0.4863013698630137,0.1674347158218126,0.031055900621118012,0.9527950310559006,0.016149068322981366
170314314004,5,3,34549.0,,56.7,0.15500945179584122,0.5771812080536913,0.055900621118012424,0.04639175257731959,0.9029209621993127,0.04209621993127148
170314101002,8,3,57059.0,227500.0,32.3,0.019169329073482427,0.3278327832783278,0.40344827586206894,0.3095723014256619,0.4426340801086219,0.034623217922606926
170314109002,6,1,50994.0,213900.0,33.3,0.2765432098765432,0.2832764505119454,0.24735729386892177,0.24707846410684475,0.3789649415692821,0.29549248747913187
170313903001,5,3,14186.0,,63.1,0.23809523809523808,0.6333333333333333,0.16452074391988555,0.020935960591133004,0.979064039408867,0.0
170313511002,6,1,18220.0,446200.0,26.9,0.41217798594847777,0.38337801608579086,0.08436944937833037,0.0,0.8662037037037037,0.1037037037037037
170313105001,1,0,58321.0,342900.0,34.1,0.10706401766004416,0.3510506798516687,0.10774410774410774,0.133833646028768,0.0075046904315197,0.851782363977486
170313018012,7,0,31784.0,221200.0,40.6,0.10267857142857142,0.11187607573149742,0.09112519809825674,0.020865936358894107,0.0010432968179447052,0.9780907668231612
170315702001,1,7,,255400.0,37.8,0.050522648083623695,0.07247706422018349,0.1296426068675543,0.13099808061420345,0.0,0.7476007677543186
170313106003,1,9,73273.0,333600.0,36.0,0.15222876366694701,0.1765873015873016,0.12714776632302405,0.20490463215258856,0.0,0.644141689373297
170317505004,2,8,68521.0,220000.0,51.3,0.02601156069364162,0.0,0.30678851174934724,0.0,1.0,0.0
170316006002,4,6,43056.0,382500.0,47.3,0.031683168316831684,0.11134903640256959,0.11033681765389082,0.4075829383886256,0.0,0.17725118483412322
170313302002,4,6,151477.0,600200.0,39.1,0.030010718113612004,0.13191727221911684,0.3873720136518771,0.5698958662038498,0.14768065635847272,0.04638687283054591
170317402004,10,2,145156.0,298100.0,39.3,0.03759398496240601,0.0,0.18031430934656742,0.7442899702085403,0.0,0.03624627606752731
170317402003,10,2,119978.0,306600.0,39.1,0.04408060453400504,0.14209827357237717,0.2448405253283302,0.8859649122807017,0.0,0.08830409356725147
170317403002,10,2,145909.0,293000.0,43.4,0.06500956022944551,0.0,0.29882044560943644,0.8444022770398482,0.0,0.13757115749525617
170317404004,10,2,137908.0,266000.0,37.0,0.0,0.042134831460674156,0.10158013544018059,0.7601043024771839,0.0,0.1016949152542373
170317506004,0,4,70103.0,179300.0,35.5,0.09913793103448276,0.09090909090909091,0.10087719298245613,0.0032,0.7648,0.232
170317505003,0,4,39514.0,150400.0,32.3,0.03328290468986384,0.1232876712328767,0.15892672858617132,0.0,0.687807881773399,0.003694581280788177
170313511001,0,4,,,,0.0,0.0,0.0,0.0,0.0,0.0
170313501002,8,3,64615.0,,33.3,0.06695278969957082,0.2907083716651334,0.31548893647394716,0.08725674827369742,0.295668549905838,0.0
170313012003,7,0,55348.0,156400.0,39.0,0.1386593204775023,0.24354657687991021,0.04648390941597139,0.05922098569157393,0.00397456279809221,0.9228934817170111
170313007003,7,0,42176.0,255700.0,31.2,0.23317683881064163,0.4346938775510204,0.11703703703703704,0.01751459549624687,0.0,0.8490408673894912
170313009003,7,0,38604.0,,67.3,0.0,0.10833333333333334,0.04229934924078091,0.06281156530408774,0.0009970089730807576,0.9361914257228315
170313406001,6,1,19348.0,,29.3,0.3137931034482759,0.1681159420289855,0.03945578231292517,0.06985573272589218,0.8223234624145785,0.0
170313514001,4,6,,380000.0,32.1,0.1360153256704981,0.4385150812064965,0.1704081632653061,0.07520713830465264,0.6978967495219885,0.12619502868068833
170313801001,4,6,,360900.0,46.2,0.10797174571140263,0.07805429864253394,0.14388020833333334,0.015560165975103735,0.9279045643153527,0.01970954356846473
170313812002,4,6,43600.0,403100.0,44.9,0.07832422586520947,0.10672853828306264,0.25989304812834224,0.027216856892010536,0.9692712906057945,0.0
170313814001,6,1,34300.0,221100.0,39.3,0.26146788990825687,0.2096505823627288,0.14299242424242425,0.014241486068111455,0.8408668730650155,0.08978328173374613
170313907001,10,2,103337.0,226400.0,48.7,0.0,0.15110178384050368,0.23737373737373738,0.3408521303258145,0.5075187969924813,0.0
170314003001,6,1,84293.0,239600.0,40.4,0.20725388601036268,0.28921568627450983,0.20833333333333334,0.036737692872887584,0.8765613519470977,0.06612784717119764
170317003012,1,7,96705.0,226900.0,37.1,0.035789473684210524,0.11059907834101383,0.1342281879194631,0.10859495625321668,0.008749356664951106,0.8522902727740608
170314202001,4,6,30461.0,340900.0,29.5,0.14979195561719832,0.29422382671480146,0.25622775800711745,0.2121380846325167,0.6269487750556793,0.035634743875278395
170314004001,0,4,,232900.0,31.6,0.10948905109489052,0.24795081967213115,0.08311688311688312,0.034057971014492754,0.8876811594202898,0.007246376811594203
170314201001,4,6,21275.0,377800.0,47.6,0.1709039548022599,0.2521186440677966,0.12966252220248667,0.020871700429711478,0.9208103130755064,0.02578268876611418
170316503014,1,7,51592.0,220900.0,25.3,0.09815950920245399,0.0,0.13717693836978131,0.27217125382262997,0.0,0.72782874617737
170318418002,6,1,47353.0,166600.0,34.1,0.24370860927152319,0.30560578661844484,0.20389249304911955,0.022028985507246378,0.951304347826087,0.01681159420289855
170314309002,9,5,43558.0,194000.0,55.2,0.20048309178743962,0.2222222222222222,0.2,0.01288056206088993,0.9859484777517564,0.0
170314312002,9,3,66635.0,227500.0,59.8,0.1085899513776337,0.42314990512333966,0.18779342723004694,0.009243697478991597,0.9907563025210084,0.0
170314312001,9,3,54161.0,231200.0,52.7,0.12234706616729088,0.34281650071123754,0.20235934664246824,0.0033085194375516956,0.9693961952026469,0.0
170314313023,6,3,43969.0,,42.1,0.19599427753934193,0.20462633451957296,0.11464968152866242,0.01471861471861472,0.9584415584415584,0.02683982683982684
170315401022,6,1,,,18.8,0.2602040816326531,0.22528735632183908,0.011075949367088608,0.0,1.0,0.0
170316503013,7,0,,272000.0,40.9,0.09287257019438445,0.30952380952380953,0.10558069381598793,0.16789087093389296,0.026232948583420776,0.7901364113326338
170314909012,0,4,33750.0,133300.0,34.7,0.17793594306049823,0.06060606060606061,0.07510729613733906,0.0,1.0,0.0
170317003023,1,7,79732.0,193100.0,34.9,0.03835227272727273,0.1935007385524372,0.050505050505050504,0.18768859384429692,0.024743512371756187,0.7875678937839469
170317003024,1,7,82891.0,271900.0,36.0,0.09607438016528926,0.04540162980209546,0.1320109439124487,0.25198320111992534,0.1941203919738684,0.5314979001399907
170313012002,7,0,33694.0,,21.2,0.1736111111111111,0.058823529411764705,0.15384615384615385,0.022099447513812154,0.47651933701657456,0.4606353591160221
170318382002,8,3,,,18.9,0.09433962264150944,0.3020833333333333,0.46236559139784944,0.3226744186046512,0.4186046511627907,0.05813953488372093
170319801001,0,4,,,,0.0,0.0,0.0,0.0,0.0,0.0
170313011001,1,7,65213.0,215800.0,32.0,0.029548989113530325,0.07108239095315025,0.06142506142506143,0.1138763197586727,0.03167420814479638,0.8544494720965309
170313009001,7,0,29328.0,194300.0,39.2,0.05925925925925926,0.054455445544554455,0.041019955654102,0.004163775156141568,0.0,0.9958362248438585
170314701001,5,3,56836.0,144900.0,37.3,0.2,0.3301526717557252,0.13448735019973368,0.0,0.9476394849785408,0.0
170318236021,10,2,77986.0,145600.0,57.2,0.05333333333333334,0.06695938529088913,0.1650485436893204,0.8341930729550479,0.12527634487840825,0.03168754605747973
170316915002,6,1,22975.0,210200.0,27.3,0.25821596244131456,0.0,0.19538188277087035,0.07738693467336684,0.9226130653266331,0.0
170314402021,0,4,31132.0,275200.0,33.6,0.13810741687979539,0.27596439169139464,0.154126213592233,0.0,0.9693454846727423,0.030654515327257662
170314403002,9,5,30787.0,230800.0,48.4,0.17142857142857143,0.1793103448275862,0.25203252032520324,0.0013812154696132596,0.9958563535911602,0.0027624309392265192
170316913002,9,5,,226200.0,59.4,0.07992565055762081,0.1830065359477124,0.1571072319201995,0.0,1.0,0.0
170314503001,9,8,,184000.0,46.2,0.11164274322169059,0.23518850987432674,0.18853362734288864,0.0,0.9700249791840133,0.0
170314601001,9,5,44773.0,,53.3,0.09183673469387756,0.26337448559670784,0.1603563474387528,0.05545927209705372,0.8232235701906413,0.0
170317004011,0,4,59688.0,264800.0,34.6,0.07782101167315175,0.06396989651928504,0.07548387096774194,0.006132282084975909,0.5497152869031976,0.4406482698204117
170313018033,7,0,58988.0,160700.0,40.9,0.02843601895734597,0.13902439024390245,0.04874213836477988,0.0,0.0,1.0
170313018031,7,0,38347.0,123900.0,41.7,0.15384615384615385,0.12316715542521994,0.09018987341772151,0.025089605734767026,0.0,0.974910394265233
170317005016,9,5,,229900.0,60.2,0.15482695810564662,0.15571776155717762,0.1504424778761062,0.0,0.9437314906219151,0.02073050345508391
170315805013,1,7,46520.0,223600.0,33.2,0.03930635838150289,0.06687402799377916,0.06883720930232558,0.07194244604316546,0.0,0.8177458033573142
170313018011,7,0,45294.0,203000.0,21.1,0.1439299123904881,0.07748538011695906,0.1734475374732334,0.015675426463808206,0.0,0.9843245735361917
170318430002,0,4,32500.0,114000.0,26.7,0.16356107660455488,0.22554347826086957,0.1156558533145275,0.0,0.9675060926076361,0.03249390739236393
170313515001,6,1,,,34.9,0.3442622950819672,0.1,0.0,0.0,1.0,0.0
170313501001,8,3,46750.0,,25.9,0.08486238532110092,0.17794486215538846,0.3687002652519894,0.015366430260047281,0.2872340425531915,0.0
170313510002,8,3,43083.0,,31.2,0.053497942386831275,0.26956521739130435,0.25254237288135595,0.0,0.7360959651035986,0.11014176663031625
170314101001,8,3,47222.0,,30.4,0.0,0.46153846153846156,0.2558139534883721,0.38174807197943444,0.3560411311053985,0.05784061696658098
170314109003,10,2,77944.0,360000.0,39.1,0.08396421197522368,0.20710506424792138,0.33313574392412565,0.6411815812337098,0.17810599478714162,0.028236316246741965
170314301011,6,1,18991.0,94800.0,33.8,0.46648793565683644,0.5276381909547738,0.10305343511450382,0.01929824561403509,0.8736842105263158,0.10701754385964912
170314301012,6,1,,,36.9,0.26605504587155965,0.20833333333333334,0.0611764705882353,0.0,0.9570957095709571,0.0
170318439004,8,3,63915.0,179900.0,30.3,0.0,0.2475633528265107,0.3673036093418259,0.03666245259165613,0.9165613147914032,0.0
170318133012,7,0,52443.0,118800.0,20.1,0.08708708708708708,0.10197368421052631,0.0472972972972973,0.008379888268156424,0.0,0.9916201117318436
170318133013,1,7,48194.0,235800.0,27.5,0.0,0.07465618860510806,0.03770491803278689,0.07566638005159071,0.0,0.9243336199484092
170318137023,1,7,74681.0,309900.0,32.9,0.10971524288107203,0.11759172154280338,0.08186195826645265,0.06361031518624642,0.013753581661891117,0.9226361031518625
170318137021,1,0,63261.0,231300.0,35.5,0.0,0.16952380952380952,0.03579676674364896,0.0,0.05744520030234316,0.9425547996976569
170318137022,0,4,,150600.0,23.2,0.0,0.1506849315068493,0.0,0.014124293785310734,0.5536723163841808,0.4322033898305085
170318137024,1,0,62902.0,218100.0,31.5,0.03680981595092025,0.17197452229299362,0.10569105691056911,0.11035653650254669,0.0,0.8896434634974533
170318137011,7,7,56006.0,220600.0,28.4,0.10233592880978866,0.0,0.054838709677419356,0.009499683343888538,0.031665611146295125,0.9588347055098163
170314805003,9,5,,216800.0,61.8,0.15517241379310345,0.3010204081632653,0.09742895805142084,0.01764705882352941,0.9235294117647059,0.04941176470588235
170314610001,9,3,17182.0,214700.0,49.2,0.16265060240963855,0.23381294964028776,0.04212637913741224,0.05052005943536404,0.6359583952451708,0.29940564635958394
170314701002,9,5,44730.0,,51.9,0.09169054441260745,0.1861198738170347,0.09162011173184358,0.03700277520814061,0.849213691026827,0.10083256244218317
170315103002,9,5,38504.0,130300.0,56.8,0.07333333333333333,0.3090128755364807,0.06083086053412463,0.0,1.0,0.0
170314801002,2,8,83333.0,224700.0,42.0,0.038901601830663615,0.11471321695760599,0.17735334242837653,0.0,0.9718592964824121,0.0
170314805002,0,4,,171900.0,34.6,0.14446952595936793,0.27440633245382584,0.14122681883024252,0.008411214953271028,0.7149532710280374,0.2467289719626168
170318137012,1,0,58021.0,217900.0,38.9,0.016666666666666666,0.16421895861148197,0.14615384615384616,0.06378132118451026,0.1017463933181473,0.8344722854973424
170314906001,2,8,63947.0,158900.0,40.5,0.21061093247588425,0.15274949083503056,0.2340637450199203,0.10650069156293222,0.8582295988934993,0.024896265560165973
170314307001,6,1,30369.0,78300.0,34.2,0.2950980392156863,0.36300417246175243,0.2994974874371859,0.05444521019986216,0.9035148173673329,0.03583735354927636
170314314001,0,4,66337.0,32700.0,31.4,0.11709159584513693,0.3080459770114943,0.1643835616438356,0.04696132596685083,0.9303867403314917,0.0
170314401021,0,4,35400.0,,28.3,0.08391608391608392,0.20610687022900764,0.1934260429835651,0.0,0.9762295081967213,0.0
170314401024,5,3,,,32.3,0.26324786324786326,0.5174013921113689,0.03758389261744966,0.0,0.9725448785638859,0.027455121436114043
170315305021,0,4,63621.0,159500.0,36.4,0.12590448625180897,0.057432432432432436,0.0283203125,0.0,0.9733606557377049,0.02663934426229508
170315401023,6,1,32114.0,109100.0,38.4,0.2976190476190476,0.15254237288135594,0.15546218487394958,0.015873015873015872,0.9698412698412698,0.0
170315805023,7,0,48493.0,188400.0,36.6,0.06640625,0.0835978835978836,0.09913793103448276,0.1178147268408551,0.0,0.7824228028503563
170316308001,1,0,59195.0,215200.0,37.9,0.1386392811296534,0.19970193740685543,0.22348816827344434,0.06686217008797654,0.02404692082111437,0.896774193548387
170314905002,9,5,65677.0,204500.0,56.9,0.03879310344827586,0.191044776119403,0.16853932584269662,0.0,1.0,0.0
170314908003,2,1,80303.0,197800.0,38.5,0.22524752475247525,0.0,0.20512820512820512,0.033823529411764704,0.888235294117647,0.051470588235294115
170314909021,2,8,87847.0,169200.0,39.2,0.10822510822510822,0.09870550161812297,0.30104321907600595,0.0,0.9777131782945736,0.022286821705426358
170314910004,2,8,75060.0,92300.0,50.5,0.07514450867052024,0.06875,0.11711711711711711,0.0,0.916030534351145,0.03816793893129771
170318217003,10,2,117037.0,273800.0,36.0,0.03237410071942446,0.027261462205700124,0.3372591006423983,0.8084958217270195,0.0,0.16991643454038996
170316308002,1,9,109799.0,236600.0,30.4,0.1925233644859813,0.35532407407407407,0.16917293233082706,0.007497116493656286,0.031141868512110725,0.961361014994233
170316308003,1,0,61538.0,230800.0,22.4,0.08703374777975133,0.122568093385214,0.16898954703832753,0.043373493975903614,0.0,0.9566265060240964
170318351002,1,0,,140600.0,25.1,0.0,0.4157706093189964,0.1475054229934924,0.015317286652078774,0.14551422319474835,0.8391684901531729
170318333001,4,6,85096.0,477800.0,26.6,0.08812046848856665,0.13734177215189874,0.42251655629139073,0.41213700670141473,0.042069992553983616,0.08711839166046165
170316308004,7,0,54181.0,225400.0,29.8,0.19738406658739596,0.02666666666666667,0.07267144319344933,0.011926058437686345,0.005366726296958855,0.9827072152653548
170316309003,7,0,83148.0,173100.0,31.1,0.057651991614255764,0.1457174638487208,0.044293015332197615,0.020376974019358125,0.018339276617422313,0.9444727457972492
170316401001,1,7,51579.0,275700.0,36.6,0.05422647527910686,0.09106529209621993,0.18452380952380953,0.15356083086053413,0.011869436201780416,0.8345697329376854
170316309002,7,0,25303.0,236400.0,54.0,0.17012448132780084,0.0,0.055800293685756244,0.0877742946708464,0.23719958202716823,0.6750261233019854
170316103003,1,7,,236600.0,30.6,0.07076923076923076,0.03642384105960265,0.1859931113662457,0.0625,0.0,0.9032534246575342
170317003022,1,7,91425.0,229700.0,34.8,0.08522727272727272,0.0,0.10214168039538715,0.13247863247863248,0.16025641025641027,0.7072649572649573
170314914003,6,1,50515.0,213200.0,36.5,0.2328042328042328,0.052873563218390804,0.2306684141546527,0.007428040854224698,0.9433611884865367,0.0
170314914002,6,1,30078.0,99100.0,43.3,0.38095238095238093,0.3574660633484163,0.1062992125984252,0.009673518742442563,0.8282950423216445,0.02418379685610641
170315003002,10,2,66848.0,185400.0,45.5,0.176,0.25,0.30274135876042907,0.5895153313550939,0.18496538081107813,0.19980217606330367
170315202003,7,0,42768.0,125700.0,23.4,0.13386727688787187,0.04696132596685083,0.016684045881126174,0.09204440333024977,0.01942645698427382,0.8885291396854764
170316305001,1,0,49360.0,235600.0,31.9,0.05166051660516605,0.17380025940337224,0.11070110701107011,0.025587467362924284,0.0,0.9744125326370757
170316305002,7,0,61176.0,158300.0,27.6,0.1526479750778816,0.05698529411764706,0.05025125628140704,0.0,0.0,1.0
170315101002,1,7,,114700.0,35.3,0.04040404040404041,0.15911282545805208,0.18730886850152906,0.11699779249448124,0.13421633554083887,0.7487858719646799
170315102003,2,8,67604.0,133400.0,44.2,0.09691011235955056,0.1674641148325359,0.24784988272087569,0.022142429682824656,0.6576900059844405,0.31956912028725315
170315206001,1,7,99688.0,160200.0,30.2,0.053467000835421885,0.032846715328467155,0.08922670191672175,0.10514786418400876,0.0,0.8948521358159912
170316305003,1,0,40607.0,192400.0,27.8,0.0546218487394958,0.11777777777777777,0.1095890410958904,0.047619047619047616,0.0,0.9194805194805195
170316305004,7,0,42865.0,,26.9,0.20512820512820512,0.20920502092050208,0.16199376947040497,0.004484304932735426,0.0011210762331838565,0.9943946188340808
170318351003,7,0,33705.0,145100.0,29.2,0.14763779527559054,0.05141388174807198,0.04054054054054054,0.01611721611721612,0.10256410256410256,0.8798534798534798
170318429001,4,6,19304.0,306300.0,30.9,0.13521772345301758,0.23409893992932862,0.14530332681017613,0.13837064676616914,0.5855099502487562,0.04011194029850746
170318412002,1,9,64412.0,288100.0,34.4,0.047775947281713346,0.30347349177330896,0.31338028169014087,0.3092224231464738,0.04972875226039783,0.5831826401446655
170318387001,4,6,21059.0,437500.0,33.5,0.11609498680738786,0.0,0.05172413793103448,0.01347068145800317,0.9580031695721077,0.028526148969889066
170318417001,7,0,24663.0,117100.0,43.3,0.11636363636363636,0.26954732510288065,0.14852607709750568,0.10290237467018469,0.3131046613896218,0.5408970976253298
170318407003,1,9,116098.0,172200.0,38.5,0.0663850331925166,0.3992146596858639,0.29141607435757244,0.2106401384083045,0.06358131487889274,0.7011245674740484
170315301002,6,1,28538.0,96800.0,35.5,0.24278846153846154,0.24918032786885247,0.1609403254972875,0.0,0.6690561529271206,0.24014336917562723
170315201001,7,0,57446.0,123100.0,31.5,0.10434782608695652,0.16017316017316016,0.06916666666666667,0.05868089233753637,0.0,0.9369544131910766
170315203004,7,0,37117.0,101300.0,42.4,0.07586206896551724,0.12244897959183673,0.02824858757062147,0.17523609653725078,0.05876180482686254,0.7660020986358866
170315205002,1,7,94432.0,171900.0,40.8,0.05576488319517709,0.07349298100743187,0.10421836228287841,0.2303325223033252,0.008110300081103,0.7384428223844283
170315301001,7,0,43523.0,99400.0,36.3,0.14367816091954022,0.0,0.023842917251051893,0.01020408163265306,0.24025974025974026,0.6948051948051948
170315302005,0,4,35179.0,,33.2,0.12158054711246201,0.28027681660899656,0.08048289738430583,0.0,0.8635127786840674,0.13648722131593258
170315302004,2,1,,119000.0,39.8,0.2570951585976628,0.020512820512820513,0.19830508474576272,0.09195402298850575,0.8275862068965517,0.05683269476372925
170315501006,10,2,,174800.0,51.2,0.06091370558375635,0.044642857142857144,0.05089058524173028,0.5037174721189591,0.0006195786864931846,0.4510532837670384
170314909011,0,4,35808.0,150000.0,31.3,0.14536340852130325,0.23607038123167157,0.1091703056768559,0.0,1.0,0.0
170318435001,0,4,52875.0,168100.0,31.3,0.07531380753138076,0.0,0.02848722986247544,0.11034262609065759,0.6448180463928496,0.23622047244094488
170318413002,1,9,60408.0,351800.0,32.8,0.07725694444444445,0.21260583254938853,0.28621659634317864,0.12443693693693694,0.026463963963963964,0.8074324324324325
170318305003,7,0,51379.0,194600.0,49.1,0.1976284584980237,0.059113300492610835,0.1567732115677321,0.024096385542168676,0.03855421686746988,0.9373493975903614
170318402001,4,6,41359.0,325900.0,41.4,0.0454065469904963,0.23146067415730337,0.1259493670886076,0.1979071883530482,0.003639672429481347,0.1851683348498635
170318404001,4,6,71496.0,360500.0,52.4,0.017463235294117647,0.1880261927034612,0.1423106350420811,0.10606060606060606,0.0,0.2039141414141414
170314402013,5,3,26578.0,,38.4,0.0,0.5133333333333333,0.06698564593301436,0.0,1.0,0.0
170315305013,9,5,37083.0,183300.0,49.8,0.14705882352941177,0.13333333333333333,0.0967741935483871,0.01953125,0.98046875,0.0
170315305014,2,5,52621.0,145200.0,42.6,0.23209549071618038,0.0,0.13751169317118803,0.01603905160390516,0.9595536959553695,0.0
170314909013,6,1,33833.0,129400.0,40.6,0.3148148148148148,0.33783783783783783,0.25,0.0,1.0,0.0
170317004014,8,3,110000.0,195700.0,27.7,0.10964912280701754,0.2613333333333333,0.1588089330024814,0.0,1.0,0.0
170315805012,7,0,39821.0,238800.0,49.1,0.16161616161616163,0.32550335570469796,0.14855072463768115,0.11296534017971759,0.12195121951219512,0.5969191270860077
170314401012,5,3,32657.0,,40.4,0.06055900621118013,0.5008264462809917,0.1903485254691689,0.0,0.9982935153583617,0.0017064846416382253
170315603002,7,2,71852.0,235500.0,46.5,0.16321243523316062,0.04991680532445923,0.07809694793536805,0.2842465753424658,0.0,0.7157534246575342
170315703004,1,7,,258000.0,37.7,0.13245033112582782,0.10134310134310134,0.047459893048128345,0.18803088803088802,0.0003861003861003861,0.759073359073359
170315807002,7,0,56748.0,227800.0,29.2,0.23958333333333334,0.1847246891651865,0.031044214487300093,0.08244897959183674,0.03374149659863945,0.8519727891156462
170315907002,1,7,59225.0,245400.0,33.5,0.18234610917537747,0.10795454545454546,0.25,0.12327656123276562,0.0008110300081103001,0.7210056772100568
170318133021,1,7,52122.0,211900.0,35.2,0.0,0.02384500745156483,0.06796116504854369,0.013314646110721794,0.06657323055360898,0.9201121233356693
170318244001,10,2,43750.0,254000.0,54.3,0.05736434108527132,0.02782608695652174,0.15941011235955055,0.5897574123989219,0.2188679245283019,0.1504043126684636
170318410001,4,6,103750.0,444400.0,41.2,0.005571030640668524,0.1709039548022599,0.3405349794238683,0.29442508710801396,0.34668989547038326,0.06010452961672474
170318411003,4,6,87212.0,328300.0,37.3,0.0,0.17258883248730963,0.24013377926421406,0.16056462284958095,0.0458756065284517,0.02293780326422585
170318355001,9,1,12148.0,252000.0,62.2,0.40476190476190477,0.2,0.08901515151515152,0.044096728307254626,0.8705547652916074,0.04836415362731152
170318395001,4,6,,468300.0,42.4,0.07496823379923762,0.19653179190751446,0.24499229583975346,0.12472283813747229,0.5277161862527716,0.19124168514412418
170318396002,4,6,95373.0,351400.0,31.9,0.08873720136518772,0.0599250936329588,0.2561174551386623,0.10568383658969804,0.8072824156305506,0.07460035523978685
170317113001,9,5,58654.0,180500.0,56.1,0.16593886462882096,0.15706806282722513,0.12378640776699029,0.02517162471395881,0.9748283752860412,0.0
170317113002,9,5,71116.0,216700.0,48.3,0.2158859470468432,0.08264462809917356,0.0480295566502463,0.016088060965283656,0.9026248941574937,0.0
170317114001,2,8,62283.0,172300.0,40.8,0.16172506738544473,0.14925373134328357,0.16298811544991512,0.0,0.9433249370277078,0.0163727959697733
170317115001,9,3,58378.0,160900.0,41.8,0.150093808630394,0.29466357308584684,0.05795768169273229,0.0,0.9901215805471124,0.009878419452887538
170317115002,2,8,55391.0,148700.0,40.3,0.023593466424682397,0.13011152416356878,0.11655011655011654,0.0,0.9283536585365854,0.019817073170731708
170317201003,4,6,101806.0,387200.0,59.3,0.17279411764705882,0.1179245283018868,0.24564796905222436,0.39143730886850153,0.463302752293578,0.05198776758409786
170316904001,9,3,,253100.0,62.6,0.02952029520295203,0.4448669201520912,0.3522012578616352,0.0,0.8961937716262975,0.10380622837370242
170317104003,6,1,,109100.0,28.6,0.3056426332288401,0.21896162528216703,0.038077969174977334,0.016412661195779603,0.9736225087924971,0.0
170317202001,10,2,107750.0,346700.0,40.4,0.025069637883008356,0.047619047619047616,0.18763796909492272,0.2512,0.6576,0.0
170317201001,10,2,183594.0,420200.0,35.5,0.049773755656108594,0.10238095238095238,0.2953271028037383,0.7166212534059946,0.2656675749318801,0.017711171662125342
170317202002,2,8,82955.0,266500.0,55.0,0.033783783783783786,0.26223776223776224,0.23799582463465555,0.03460207612456748,0.9221453287197232,0.03460207612456748
170318138011,1,0,47045.0,261100.0,32.4,0.0,0.16061452513966482,0.05555555555555555,0.011547344110854504,0.030792917628945343,0.9576597382602001
170318209021,10,2,102796.0,259400.0,39.0,0.3112128146453089,0.11336717428087986,0.04891304347826087,0.4102976669348351,0.0,0.580852775543041
170318209022,10,2,120515.0,222900.0,32.6,0.04900662251655629,0.0182648401826484,0.13246471226927253,0.4580467675378267,0.0,0.5254470426409904
170318257001,7,0,46852.0,122100.0,31.6,0.10714285714285714,0.09385113268608414,0.06991525423728813,0.17614424410540916,0.2565880721220527,0.5672676837725381
170318257002,9,5,48864.0,130900.0,45.3,0.12317327766179541,0.1675,0.07215743440233237,0.12880678981527707,0.6874687968047928,0.1707438841737394
170318227021,10,2,58833.0,271600.0,38.4,0.04892367906066536,0.05284974093264249,0.1256578947368421,0.5705314009661836,0.08357487922705314,0.3285024154589372
170318226021,10,2,146293.0,348900.0,32.1,0.022788203753351208,0.025487256371814093,0.17790811339198437,0.7163412127440905,0.0005138746145940391,0.23329907502569372
170318226022,10,2,83423.0,297400.0,58.9,0.10726072607260725,0.023794212218649517,0.22030497592295345,0.6218517204682511,0.1074849237318198,0.043277758070237676
170318227012,10,2,110375.0,212100.0,37.2,0.0,0.0,0.36336633663366336,0.6004112405757368,0.011651816312542838,0.2892392049348869
170318227013,10,2,233076.0,288700.0,22.3,0.03298611111111111,0.1059245960502693,0.2857142857142857,0.7626459143968871,0.0311284046692607,0.14941634241245136
170318227014,3,9,57192.0,226700.0,37.0,0.07654723127035831,0.21693121693121692,0.34765625,0.36703483432455397,0.17247238742565846,0.44180118946474084
170318227022,10,2,157619.0,345700.0,43.5,0.0,0.009280742459396751,0.33266932270916333,0.6440443213296398,0.04016620498614958,0.21606648199445982
170318257003,0,4,92500.0,163400.0,36.3,0.13096695226438188,0.033093525179856115,0.050256410256410255,0.019938650306748466,0.8159509202453987,0.15874233128834356
170318258013,0,4,40341.0,178200.0,34.3,0.0631911532385466,0.08600337268128162,0.10010881392818281,0.028401585204755615,0.8315719947159842,0.0
170318211022,1,7,76458.0,256900.0,29.5,0.023510971786833857,0.028523489932885907,0.05728643216080402,0.28251912889935255,0.004708652148322542,0.7068864037669217
170318211023,10,7,72813.0,235100.0,33.5,0.011037527593818985,0.05922551252847381,0.1375770020533881,0.37926509186351703,0.024934383202099737,0.46194225721784776
170318211024,10,2,72361.0,253100.0,54.5,0.030848329048843187,0.0,0.11394557823129252,0.5651041666666666,0.0,0.3190104166666667
170318212001,0,4,48934.0,,34.2,0.0,0.0,0.21592649310872894,0.008211678832116789,0.7262773722627737,0.2655109489051095
170318212002,7,0,35577.0,124000.0,44.5,0.17462482946793997,0.2144212523719165,0.11522633744855967,0.24892703862660945,0.28068669527896994,0.4703862660944206
170318212003,6,1,80087.0,175800.0,39.0,0.2748267898383372,0.2792494481236203,0.1725721784776903,0.1776765375854214,0.42095671981776767,0.40136674259681093
170318212004,5,3,39528.0,185700.0,40.1,0.09230769230769231,0.4418604651162791,0.11764705882352941,0.24567474048442905,0.6908881199538639,0.06343713956170703
170318213001,10,2,59758.0,112200.0,60.1,0.0,0.16826923076923078,0.17363344051446947,0.3448275862068966,0.07957559681697612,0.33687002652519893
170318227023,10,2,42639.0,256300.0,55.2,0.0,0.02843601895734597,0.054373522458628844,0.6258741258741258,0.015734265734265736,0.27972027972027974
170318228011,10,2,71563.0,221700.0,44.0,0.109151973131822,0.177191328934967,0.2409823484267076,0.4894982497082847,0.15985997666277713,0.32438739789964993
170318228012,10,2,135082.0,284700.0,40.2,0.0,0.16968911917098445,0.36490850376749195,0.6990014265335235,0.03281027104136947,0.19757489300998574
170318228021,10,2,125871.0,274300.0,39.7,0.11510031678986272,0.0513126491646778,0.321482602118003,0.7916256157635468,0.0049261083743842365,0.1566502463054187
170318228022,10,2,,265800.0,55.0,0.021844660194174758,0.07444168734491315,0.13591022443890274,0.7118126272912424,0.0560081466395112,0.21384928716904278
170318228023,10,2,109875.0,243600.0,46.8,0.05181347150259067,0.05475504322766571,0.2648221343873518,0.755868544600939,0.056338028169014086,0.16588419405320814
170318213002,7,0,49750.0,122200.0,33.7,0.11089010442565887,0.037960339943342775,0.10352422907488987,0.04490934449093445,0.40278940027894,0.5269177126917712
170318213003,5,3,,,46.8,0.11501597444089456,0.36101083032490977,0.06043956043956044,0.09345794392523364,0.705607476635514,0.15186915887850466
170318213004,7,2,48661.0,174000.0,40.8,0.22058823529411764,0.09245283018867924,0.11258955987717502,0.3547505126452495,0.13738892686261106,0.46411483253588515
170318214011,2,8,81122.0,146000.0,49.1,0.29064039408866993,0.08333333333333333,0.2602739726027397,0.0,1.0,0.0
170318214012,0,4,52042.0,177800.0,35.1,0.053864168618266976,0.13366336633663367,0.06294964028776978,0.0,0.9650924024640657,0.0
170318214013,5,3,34141.0,,34.5,0.0,0.4807692307692308,0.020202020202020204,0.0,1.0,0.0
170318214014,9,5,55089.0,161800.0,43.0,0.18274111675126903,0.17701863354037267,0.08678500986193294,0.0295159386068477,0.8110979929161747,0.06847697756788666
170318214021,9,5,54155.0,120300.0,46.1,0.13994169096209913,0.26440677966101694,0.09181969949916527,0.013297872340425532,0.9694148936170213,0.017287234042553192
170318234002,10,2,44468.0,177600.0,40.7,0.10460772104607721,0.011126564673157162,0.05456255879586077,0.4814077025232404,0.5146082337317397,0.00398406374501992
170318214022,6,1,73843.0,112100.0,33.1,0.26702269692923897,0.1111111111111111,0.08870967741935484,0.005064715813168261,0.7512661789532921,0.020821609454136185
170318214023,9,4,63314.0,158000.0,39.6,0.1454183266932271,0.1888111888111888,0.07749077490774908,0.0,1.0,0.0
170318216003,0,2,78516.0,201300.0,32.0,0.037069726390114736,0.0610236220472441,0.19618320610687023,0.20340632603406325,0.6170316301703163,0.15523114355231143
170318217001,10,2,96607.0,257500.0,57.9,0.0,0.07191780821917808,0.052941176470588235,0.7617504051863857,0.1993517017828201,0.03889789303079417
170318232001,10,2,78071.0,242000.0,52.6,0.03810623556581986,0.011421319796954314,0.11193526635198921,0.5689134808853119,0.08853118712273642,0.1966800804828974
170318217004,10,2,140167.0,349000.0,34.8,0.08487084870848709,0.10483870967741936,0.314070351758794,0.9483568075117371,0.0,0.051643192488262914
170318217005,10,2,,259200.0,32.6,0.01098901098901099,0.08444444444444445,0.23212045169385195,0.47751937984496123,0.4046511627906977,0.0
170318217002,10,2,103750.0,239800.0,41.0,0.015345268542199489,0.10649350649350649,0.19320214669051877,0.5733496332518337,0.0,0.4034229828850856
170318218001,3,9,76308.0,254100.0,41.8,0.062111801242236024,0.04128440366972477,0.5007278020378457,0.36704119850187267,0.3089887640449438,0.15917602996254682
170318218002,10,2,129821.0,188700.0,41.7,0.0,0.0,0.48046875,0.6134453781512605,0.21176470588235294,0.14789915966386555
170318218003,1,7,61218.0,277100.0,33.6,0.0,0.06513409961685823,0.1506849315068493,0.32636655948553056,0.02572347266881029,0.6479099678456591
170318218004,6,6,44318.0,242200.0,37.6,0.1377952755905512,0.20776255707762556,0.25184094256259204,0.13993871297242083,0.5352400408580184,0.05107252298263534
170318218005,10,2,115313.0,282500.0,43.5,0.0,0.0,0.31140939597315437,0.8707360861759426,0.027827648114901255,0.07899461400359066
170318219001,10,2,69336.0,188800.0,33.5,0.03206997084548105,0.027777777777777776,0.22338204592901878,0.4618096357226792,0.12573443008225618,0.36780258519388953
170318219002,10,2,131181.0,247100.0,43.6,0.020100502512562814,0.0,0.22274881516587677,0.39491150442477874,0.290929203539823,0.3086283185840708
170318232002,10,2,70236.0,192600.0,40.3,0.07355126300148589,0.04731355252606255,0.15186680121089807,0.6077508149221297,0.08801159000362188,0.25679101774719304
170318233021,10,2,57188.0,183800.0,36.8,0.1471264367816092,0.18238993710691823,0.11866859623733719,0.43131462333825704,0.3121614967996061,0.12210733628754308
170318233022,10,2,57833.0,168000.0,46.0,0.08148893360160966,0.0,0.08079470198675497,0.5228528377699648,0.047714716223003516,0.4148669010547464
170318233023,0,4,51327.0,157900.0,36.0,0.026054590570719603,0.0,0.04522613065326633,0.21865715983363043,0.6827094474153298,0.0736779560308972
170318233031,10,2,113864.0,218500.0,54.1,0.029239766081871343,0.034055727554179564,0.16387337057728119,0.614516129032258,0.0,0.29516129032258065
170318219004,10,2,102241.0,244600.0,53.3,0.0,0.022727272727272728,0.264750378214826,0.8573059360730594,0.11301369863013698,0.0136986301369863
170318220001,1,7,57246.0,160700.0,33.3,0.0,0.22306238185255198,0.04225352112676056,0.334841628959276,0.04072398190045249,0.6025641025641025
170318220002,7,7,47375.0,165500.0,44.7,0.0,0.09022556390977443,0.2734375,0.3553008595988539,0.0,0.6017191977077364
170318220003,10,2,51296.0,144000.0,55.7,0.12296296296296297,0.10600706713780919,0.05733186328555678,0.811078140454995,0.0,0.09396636993076163
170318220004,10,2,64000.0,145700.0,36.6,0.02288329519450801,0.141439205955335,0.20435510887772193,0.7651331719128329,0.0,0.18038740920096852
170318221011,10,2,78341.0,230100.0,31.8,0.20208023774145617,0.08020050125313283,0.04072883172561629,0.8835016835016835,0.0,0.1164983164983165
170318219003,10,2,97870.0,230800.0,42.5,0.022889842632331903,0.05794947994056464,0.36481700118063753,0.732824427480916,0.05343511450381679,0.030534351145038167
170318221012,10,2,70605.0,231900.0,47.5,0.07221006564551423,0.01650943396226415,0.1111111111111111,0.6054964539007093,0.0,0.3945035460992908
170318233032,10,2,29547.0,187900.0,37.5,0.15925925925925927,0.0,0.08881578947368421,0.6218487394957983,0.023109243697478993,0.3550420168067227
170318233033,0,7,76979.0,83500.0,33.2,0.0,0.0,0.1360824742268041,0.18741058655221746,0.46065808297567956,0.30758226037195996
170318233034,10,2,101607.0,224600.0,32.7,0.0,0.0,0.13970588235294118,0.7094972067039106,0.051675977653631286,0.18854748603351956
170318233035,10,2,86786.0,236200.0,32.9,0.007062146892655367,0.13943028485757122,0.21664626682986537,0.5930599369085173,0.11435331230283911,0.29258675078864355
170318233041,10,2,46400.0,185200.0,41.9,0.0,0.11574074074074074,0.07051282051282051,0.5052356020942408,0.17801047120418848,0.27486910994764396
170318233042,10,2,80357.0,173800.0,38.6,0.06936416184971098,0.03409090909090909,0.2463157894736842,0.6319554848966613,0.08028616852146264,0.2790143084260731
170318233045,0,4,,263400.0,37.8,0.0,0.07079646017699115,0.0,0.29888888888888887,0.7011111111111111,0.0
170318221013,10,2,68056.0,219000.0,36.8,0.05048543689320388,0.1165644171779141,0.3083197389885807,0.763938315539739,0.08540925266903915,0.1257413997627521
170318221014,10,2,117604.0,258900.0,33.2,0.0063025210084033615,0.09327548806941431,0.23556942277691106,0.7357980162308386,0.046889089269612265,0.20649233543733092
170318221021,10,2,69348.0,292600.0,29.8,0.05144291091593475,0.0,0.2592986184909671,0.45250181290790426,0.2878897751994199,0.0674401740391588
170318221023,10,2,104265.0,295200.0,40.9,0.037037037037037035,0.06538461538461539,0.21391304347826087,0.6007281553398058,0.0983009708737864,0.2609223300970874
170318221024,10,2,,149300.0,44.3,0.0,0.08685446009389672,0.138676844783715,0.35647668393782384,0.49119170984455957,0.06217616580310881
170318222002,10,2,106008.0,272300.0,48.7,0.08211143695014662,0.02875399361022364,0.25504587155963304,0.888243831640058,0.0,0.0841799709724238
170318234003,7,2,,170000.0,46.9,0.11267605633802817,0.07936507936507936,0.0979020979020979,0.3916913946587537,0.0,0.6083086053412463
170318234004,7,2,68523.0,160800.0,46.2,0.19755244755244755,0.09477124183006536,0.11240575736806031,0.16912972085385877,0.21893814997263272,0.5905856595511768
170318235001,7,7,58432.0,153300.0,30.5,0.06469760900140648,0.055639097744360905,0.04143947655398037,0.31023316062176165,0.16321243523316062,0.5265544041450777
170318235002,7,7,66625.0,189800.0,25.6,0.17099236641221374,0.06653992395437262,0.10013717421124829,0.21644413211524946,0.2663387210119466,0.517217146872804
170318235004,10,2,49665.0,239600.0,58.3,0.0,0.0,0.1872037914691943,0.64,0.2294736842105263,0.13052631578947368
170318265001,6,1,27447.0,77800.0,35.5,0.28974358974358977,0.06498194945848375,0.10640495867768596,0.024543738200125866,0.9553178099433606,0.0
170318266001,0,4,50539.0,153400.0,31.8,0.06958250497017893,0.0387243735763098,0.0426179604261796,0.0,1.0,0.0
170318236022,10,2,72871.0,265000.0,56.6,0.0,0.0,0.12249443207126949,0.7256880733944954,0.07339449541284404,0.17155963302752295
170318225001,10,2,140347.0,264900.0,48.0,0.0,0.0515625,0.14788732394366197,0.717948717948718,0.02262443438914027,0.1885369532428356
170318225004,10,2,69444.0,198700.0,51.4,0.03377110694183865,0.036893203883495145,0.13498312710911137,0.8187919463087249,0.03547459252157239,0.10162991371045062
170318226011,10,2,90694.0,227700.0,40.8,0.009596928982725527,0.0,0.1369765791341377,0.6572280178837556,0.00546448087431694,0.32389468455042225
170318236053,10,2,63472.0,281000.0,40.7,0.02364066193853428,0.11079545454545454,0.1301775147928994,0.5768194070080862,0.2358490566037736,0.12264150943396226
170318243001,6,1,100570.0,191900.0,31.8,0.2648401826484018,0.0924092409240924,0.19448698315467075,0.008237232289950576,0.9168039538714992,0.07495881383855024
170318266005,0,4,,,31.1,0.15,0.0,0.07961783439490445,0.0,1.0,0.0
170318268003,7,7,65880.0,163800.0,31.2,0.08700696055684455,0.07232267037552156,0.06230200633579725,0.15384615384615385,0.07122507122507123,0.7029914529914529
170312912001,9,5,23929.0,214900.0,45.4,0.0,0.20335820895522388,0.15159944367176634,0.0,0.9371362048894063,0.06286379511059371
170318428006,7,0,32368.0,170500.0,30.7,0.14473684210526316,0.12014134275618374,0.04060913705583756,0.04937629937629938,0.0,0.9256756756756757
170316706001,0,4,32679.0,138900.0,26.8,0.14836795252225518,0.25435540069686413,0.1377245508982036,0.004895960832313341,0.653610771113831,0.3268053855569155
170316909001,5,3,46250.0,,31.6,0.09090909090909091,0.7556818181818182,0.0,0.0,0.9387186629526463,0.0
170318233043,10,2,34264.0,16800.0,39.9,0.1487279843444227,0.0,0.11605937921727395,0.5558712121212122,0.16003787878787878,0.1856060606060606
170318351004,1,0,127826.0,240300.0,25.6,0.11951219512195121,0.34523809523809523,0.06353240152477764,0.014314928425357873,0.11929107021131562,0.8554873892297206
170315204003,1,7,68233.0,143400.0,38.0,0.03198653198653199,0.0,0.03471295060080107,0.12962962962962962,0.0,0.8703703703703703
170316603023,7,0,42569.0,177800.0,31.8,0.23032904148783978,0.040892193308550186,0.014271151885830785,0.007251631617113851,0.07831762146482958,0.9144307469180566
170313404001,4,6,49309.0,352000.0,38.7,0.08994708994708994,0.19610778443113772,0.19951338199513383,0.2460122699386503,0.0754601226993865,0.0392638036809816
170314005001,0,4,21786.0,9999.0,28.7,0.12020460358056266,0.31736526946107785,0.16233090530697192,0.004476776720761052,0.974258533855624,0.021264689423614997
170314909023,0,4,66146.0,156800.0,31.5,0.03766105054509415,0.1380020597322348,0.20124913254684246,0.0,0.9107874374146564,0.0810195721438325
170315401021,5,3,21702.0,,26.4,0.2225,0.4676258992805755,0.0,0.0,0.9783001808318263,0.0216998191681736
170317107002,6,1,,190000.0,35.1,0.4493927125506073,0.3107344632768362,0.2415902140672783,0.0,1.0,0.0
170317105004,6,1,44608.0,167300.0,30.4,0.16687737041719342,0.1464968152866242,0.22054665409990576,0.0,0.8318181818181818,0.07556818181818181
170317302022,0,4,94559.0,185100.0,29.3,0.13551401869158877,0.012612612612612612,0.18201997780244172,0.0,1.0,0.0
170317306003,6,1,63295.0,191700.0,31.4,0.2175379426644182,0.20351758793969849,0.23850931677018633,0.0,1.0,0.0
170314402014,6,1,,,27.0,0.21148325358851675,0.2609223300970874,0.20463629096722621,0.0,0.9886914378029079,0.0
170316609001,5,3,,154400.0,44.3,0.11971830985915492,0.3626666666666667,0.038461538461538464,0.030542986425339366,0.6742081447963801,0.29524886877828055
170318219005,10,2,115694.0,314900.0,33.1,0.02423469387755102,0.03398692810457516,0.21790722761596548,0.6208754208754209,0.16565656565656567,0.15555555555555556
170318415002,9,3,25650.0,177000.0,40.2,0.136,0.24074074074074073,0.14201183431952663,0.07361111111111111,0.8125,0.10694444444444444
170316112002,7,0,33707.0,162300.0,32.9,0.13580246913580246,0.19962686567164178,0.08118556701030928,0.038273615635179156,0.1734527687296417,0.7801302931596091
170314401013,0,4,36875.0,,27.9,0.0,0.13636363636363635,0.21238938053097345,0.0,0.7357859531772575,0.0
170314313011,5,3,37196.0,,46.8,0.2076923076923077,0.4223300970873786,0.05244755244755245,0.08401084010840108,0.9159891598915989,0.0
170317005015,6,1,34032.0,259200.0,28.5,0.5545023696682464,0.10283687943262411,0.15126050420168066,0.0,0.9186666666666666,0.08133333333333333
170314301022,2,8,62581.0,122500.0,40.4,0.07120253164556962,0.28449744463373083,0.32132564841498557,0.05561497326203209,0.8737967914438503,0.025668449197860963
170314301023,5,3,19561.0,,41.3,0.08238636363636363,0.5479876160990712,0.06896551724137931,0.009472259810554804,0.9364005412719891,0.05277401894451962
170314301021,9,5,60302.0,147200.0,52.4,0.11882716049382716,0.24605954465849386,0.12586970271979758,0.0417558886509636,0.8993576017130621,0.0
170314301013,6,1,37197.0,,32.9,0.2632794457274827,0.25705329153605017,0.26407766990291265,0.0,1.0,0.0
170314301014,2,8,29423.0,188700.0,36.2,0.09345794392523364,0.19145802650957292,0.16545265348595214,0.0,0.9756621331424481,0.024337866857551897
170316603022,7,0,24140.0,227700.0,53.1,0.12751677852348994,0.0,0.0158311345646438,0.0,0.36082474226804123,0.6391752577319587
170316007002,4,6,33158.0,320700.0,42.5,0.06772908366533864,0.0,0.14730290456431536,0.1884920634920635,0.0,0.17857142857142858
170316108001,10,2,86705.0,281400.0,42.5,0.07628128724672228,0.08888888888888889,0.17946345975948197,0.6272189349112426,0.0,0.21959237343852728
170315305032,0,4,46416.0,127500.0,34.2,0.13701657458563535,0.07255936675461741,0.17307692307692307,0.0,0.9754953076120959,0.013034410844629822
170316120002,2,8,55625.0,113600.0,34.9,0.03767123287671233,0.15302491103202848,0.24757281553398058,0.0,0.7333333333333333,0.25142857142857145
170316119001,5,3,29212.0,93200.0,43.1,0.06744868035190615,0.501628664495114,0.043726235741444866,0.0,0.6282527881040892,0.37174721189591076
170316118001,7,0,,46300.0,38.0,0.04257028112449799,0.39643463497453313,0.009847806624888093,0.0,0.13500597371565112,0.8542413381123058
170316121001,6,1,27583.0,149300.0,35.2,0.18615751789976134,0.26586102719033233,0.027419354838709678,0.0019646365422396855,0.5903732809430255,0.4076620825147348
170318245035,10,2,63983.0,181400.0,61.7,0.10775047258979206,0.057203389830508475,0.1677360219981668,0.6567796610169492,0.16864406779661018,0.09152542372881356
170318243003,2,8,60172.0,113800.0,43.1,0.07702702702702703,0.03074670571010249,0.09236947791164658,0.0689410092395167,0.8777540867093105,0.053304904051172705
170318133022,7,0,51250.0,190500.0,31.7,0.05722070844686648,0.12716763005780346,0.04925053533190578,0.02796725784447476,0.007503410641200546,0.9645293315143247
170318365002,4,6,,477600.0,37.9,0.17037037037037037,0.125,0.32304900181488205,0.21841794569067297,0.755608028335301,0.020070838252656435
170318364003,4,6,93167.0,368800.0,43.8,0.12409513960703206,0.04671717171717172,0.2577927548441449,0.04701986754966887,0.7165562913907285,0.1629139072847682
170318355002,0,4,24940.0,99000.0,30.6,0.22789115646258504,0.3027027027027027,0.13157894736842105,0.028985507246376812,0.7478260869565218,0.21159420289855072
170318356001,9,1,12173.0,,63.5,0.625,0.0,0.0,0.0,0.8477611940298507,0.12238805970149254
170318356002,9,5,15847.0,209700.0,42.5,0.30708661417322836,0.0,0.0,0.0,0.9975845410628019,0.0
170313011002,7,0,33160.0,169300.0,38.6,0.0972972972972973,0.27741935483870966,0.052562417871222074,0.14127423822714683,0.048938134810710986,0.8097876269621422
170316708002,5,3,38750.0,118500.0,45.9,0.25418060200668896,0.6412556053811659,0.09504950495049505,0.011532125205930808,0.9802306425041186,0.0
170313907003,8,3,56272.0,141300.0,35.2,0.07922077922077922,0.32933709449929477,0.24119530416221985,0.20976902688375615,0.5433547898523287,0.01703900037864445
170318236031,7,0,69226.0,153100.0,30.8,0.14568345323741008,0.06382978723404255,0.008185538881309686,0.0075528700906344415,0.030966767371601207,0.9614803625377644
170318236032,0,4,77578.0,110300.0,30.9,0.17727272727272728,0.0621301775147929,0.07747747747747748,0.0,0.7706611570247934,0.22210743801652894
170316705001,6,1,30313.0,112500.0,39.7,0.23510971786833856,0.24180327868852458,0.04888888888888889,0.00796812749003984,0.7898406374501992,0.20219123505976094
170316503021,1,7,79954.0,228600.0,26.6,0.014492753623188406,0.012096774193548387,0.04713275726630008,0.04795369987598181,0.04836709384042993,0.9036792062835882
170316503022,7,0,41443.0,220300.0,29.7,0.17068466730954676,0.04659498207885305,0.07200538358008075,0.06571654790182106,0.0,0.934283452098179
170316609003,0,4,58625.0,262600.0,30.8,0.1550044286979628,0.0,0.0,0.02274422073079791,0.8113348247576435,0.16592095451155853
170316611005,1,7,51953.0,204200.0,36.0,0.06106106106106106,0.015350877192982455,0.09780907668231612,0.043707973102785784,0.11479346781940442,0.8414985590778098
170316709002,5,3,26514.0,127300.0,59.6,0.0967741935483871,0.7053571428571429,0.09536784741144415,0.0,0.7986870897155361,0.2013129102844639
170316702001,5,3,34459.0,,45.6,0.18466898954703834,0.2777777777777778,0.07553956834532374,0.0,0.9875690607734806,0.012430939226519336
170316704001,6,1,32083.0,155500.0,36.1,0.23654390934844194,0.4026717557251908,0.07358156028368794,0.01051980198019802,0.7456683168316832,0.23576732673267325
170316715003,5,3,,142500.0,43.2,0.09671848013816926,0.405189620758483,0.08541973490427099,0.00861244019138756,0.9674641148325359,0.023923444976076555
170316715002,9,5,31250.0,82700.0,48.5,0.2178988326848249,0.04371584699453552,0.0,0.0,0.6859623733719248,0.3140376266280753
170316718001,6,1,34470.0,83300.0,38.6,0.33176470588235296,0.20955882352941177,0.06824146981627296,0.005319148936170213,0.848404255319149,0.10017730496453901
170316719001,0,4,,139100.0,31.9,0.02214022140221402,0.12641509433962264,0.07446808510638298,0.0,0.655705996131528,0.316247582205029
170316809002,9,5,11707.0,,51.6,0.15765765765765766,0.058823529411764705,0.04436229205175601,0.01832460732984293,0.8795811518324608,0.04057591623036649
170316810004,5,3,2499.0,,46.6,0.24444444444444444,0.4264705882352941,0.0918580375782881,0.0,1.0,0.0
170316408001,1,0,42083.0,225300.0,32.1,0.12614678899082568,0.10761154855643044,0.14102564102564102,0.171990171990172,0.0171990171990172,0.8108108108108109
170318208003,10,2,104432.0,249600.0,34.8,0.03725490196078431,0.037578288100208766,0.12081513828238719,0.5,0.0018656716417910447,0.4916044776119403
170318215001,0,4,28173.0,94600.0,31.4,0.12260536398467432,0.14350797266514806,0.07417582417582418,0.007898894154818325,0.8767772511848341,0.05924170616113744
170318227011,10,2,38970.0,113400.0,56.6,0.1863468634686347,0.2290249433106576,0.26851851851851855,0.4695121951219512,0.3394308943089431,0.1483739837398374
170318268004,6,1,51754.0,101100.0,27.5,0.3157894736842105,0.08717948717948718,0.0,0.0,0.9753694581280788,0.0
170316809004,6,1,39139.0,,27.4,0.4024896265560166,0.3925925925925926,0.13218390804597702,0.022084805653710248,0.8348056537102474,0.0
170316407001,1,7,74289.0,276700.0,33.6,0.0,0.017241379310344827,0.18543046357615894,0.04642409033877039,0.05771643663739021,0.8958594730238394
170316407002,7,2,51500.0,211500.0,57.7,0.13565891472868216,0.14798206278026907,0.15665236051502146,0.3958691910499139,0.0,0.5938037865748709
170316408002,1,7,35682.0,233600.0,38.4,0.0830860534124629,0.14545454545454545,0.19498069498069498,0.21128798842257598,0.0,0.7452966714905933
170316811005,6,3,,,22.1,0.1566265060240964,0.3142857142857143,0.3356164383561644,0.0,1.0,0.0
170316501001,1,7,72772.0,234400.0,30.3,0.08108108108108109,0.0,0.09401709401709402,0.0018248175182481751,0.0,0.9981751824817519
170316810002,9,5,,,64.2,0.13953488372093023,0.21621621621621623,0.22707423580786026,0.0,1.0,0.0
170316810003,5,3,27450.0,164000.0,21.4,0.2929936305732484,0.8153153153153153,0.038781163434903045,0.002336448598130841,0.8691588785046729,0.04789719626168224
170316810001,5,3,39551.0,96600.0,44.6,0.205607476635514,0.3769633507853403,0.07142857142857142,0.0,1.0,0.0
170316811001,0,4,30833.0,,35.4,0.0,0.0,0.0,0.0,1.0,0.0
170316811002,0,4,48043.0,,33.3,0.0,0.20958083832335328,0.0,0.0,1.0,0.0
170316811004,2,1,36500.0,,41.2,0.45695364238410596,0.10975609756097561,0.27320954907161804,0.0069124423963133645,0.9493087557603687,0.002304147465437788
170313007002,1,0,45777.0,317100.0,31.8,0.0,0.19083969465648856,0.09951060358890701,0.0,0.0,1.0
170318392001,2,8,50224.0,162200.0,40.3,0.08389261744966443,0.21855921855921856,0.24812834224598931,0.20329218106995886,0.43209876543209874,0.03292181069958848
170315401011,6,1,21031.0,115200.0,27.2,0.3998044965786901,0.22145328719723184,0.0,0.0036036036036036037,0.9247747747747748,0.051351351351351354
170317204002,10,2,94107.0,291000.0,40.4,0.06227106227106227,0.08984375,0.20445062586926285,0.718065693430657,0.08211678832116788,0.18886861313868614
170317203004,10,2,135446.0,344700.0,37.7,0.022151898734177215,0.29449838187702265,0.24416135881104034,0.2886178861788618,0.6070460704607046,0.012195121951219513
170317203002,10,2,134821.0,347000.0,61.4,0.05895196506550218,0.04408352668213457,0.36462093862815886,0.5024630541871922,0.32019704433497537,0.17733990147783252
170317204001,10,2,158859.0,331500.0,42.7,0.01935483870967742,0.02412280701754386,0.3714788732394366,0.854381443298969,0.08376288659793814,0.030927835051546393
170316504001,1,7,80341.0,252700.0,35.7,0.12285012285012285,0.0392156862745098,0.1859706362153344,0.10127826941986234,0.0,0.8888888888888888
170312831001,4,6,,452000.0,38.8,0.2408906882591093,0.208,0.2718786464410735,0.0706090026478376,0.45719329214474846,0.25772285966460723
170316501003,7,0,,212500.0,40.6,0.12679425837320574,0.0,0.04953917050691244,0.15219062259800153,0.0,0.8378170637970792
170316502001,1,7,,233200.0,32.8,0.18602455146364494,0.058004640371229696,0.12100965107646622,0.25547445255474455,0.0,0.6715328467153284
170316502004,1,7,101587.0,258500.0,41.8,0.1393103448275862,0.16826923076923078,0.1172886519421173,0.2536699941280094,0.0,0.7463300058719906
170316502005,1,0,90716.0,315400.0,15.5,0.0594059405940594,0.12631578947368421,0.18541033434650456,0.03345724907063197,0.0,0.9405204460966543
170316503012,1,7,82625.0,266400.0,35.2,0.1856710393541877,0.08,0.140597539543058,0.0704070407040704,0.0,0.9295929592959296
170316503011,1,0,45673.0,289100.0,34.2,0.1650943396226415,0.18285714285714286,0.04680851063829787,0.1395139513951395,0.010801080108010801,0.7875787578757876
170316504002,1,0,66471.0,221200.0,27.8,0.10995850622406639,0.19902912621359223,0.10152990264255911,0.006823351023502654,0.0,0.9931766489764974
170316504003,1,0,100350.0,271100.0,30.5,0.08880994671403197,0.14035087719298245,0.159375,0.009565217391304347,0.07217391304347825,0.9095652173913044
170316504004,7,0,90471.0,216700.0,37.1,0.2337917485265226,0.024193548387096774,0.05112781954887218,0.07527881040892194,0.039962825278810406,0.8717472118959108
170317301003,9,5,47500.0,184800.0,51.7,0.0,0.18324607329842932,0.013303769401330377,0.0,1.0,0.0
170316813003,8,3,16101.0,,28.7,0.16556291390728478,0.4260869565217391,0.2171945701357466,0.0,0.9587378640776699,0.0412621359223301
170316814001,2,8,58103.0,105200.0,38.5,0.0,0.16666666666666666,0.1926605504587156,0.0061162079510703364,0.9908256880733946,0.0
170316814004,5,3,49476.0,,47.5,0.0,0.5496688741721855,0.13304721030042918,0.0,1.0,0.0
170316814002,2,8,,95500.0,51.1,0.10734463276836158,0.056962025316455694,0.09642857142857143,0.0,1.0,0.0
170318425001,5,3,27955.0,,22.3,0.1461139896373057,0.5861650485436893,0.05169340463458111,0.0,0.9354838709677419,0.032666394446712946
170316903001,5,3,32426.0,,43.6,0.14962593516209477,0.3489736070381232,0.0,0.0,1.0,0.0
170317205001,3,9,133250.0,375000.0,40.8,0.02005730659025788,0.18421052631578946,0.4734607218683652,0.7956204379562044,0.0,0.1927007299270073
170317206001,4,6,126339.0,554300.0,33.9,0.03260869565217391,0.07803468208092486,0.4711729622266402,0.6901098901098901,0.2956043956043956,0.014285714285714285
170317206002,10,2,150938.0,430600.0,45.4,0.07450980392156863,0.1440677966101695,0.4519519519519519,0.8505263157894737,0.13263157894736843,0.0
170317207003,10,2,250001.0,281800.0,51.9,0.011477761836441894,0.2641509433962264,0.2733224222585925,0.18607442977190877,0.4789915966386555,0.0
170317207001,10,2,65655.0,,37.7,0.10193548387096774,0.11242603550295859,0.13880445795339413,0.24489795918367346,0.6108374384236454,0.009148486980999296
170317301001,2,8,52292.0,153200.0,38.3,0.0994671403197158,0.1932938856015779,0.19754768392370572,0.006278026905829596,0.9219730941704036,0.0
170317301002,2,8,95429.0,157100.0,47.0,0.08,0.025,0.2701342281879195,0.052072263549415514,0.9479277364505845,0.0
170316505003,7,0,38650.0,165900.0,38.9,0.09539473684210527,0.11878787878787879,0.12161172161172161,0.18706199460916442,0.2571428571428571,0.5444743935309974
170316504005,7,0,51658.0,224200.0,21.7,0.18259803921568626,0.09895052473763119,0.17324350336862368,0.01881720430107527,0.0,0.9740143369175627
170316505001,1,7,105905.0,228600.0,40.4,0.021551724137931036,0.0,0.0,0.20234291799787008,0.0,0.7486687965921193
170316505002,1,7,103125.0,228200.0,37.0,0.02567237163814181,0.12797992471769135,0.09615384615384616,0.23223443223443224,0.023443223443223443,0.7443223443223443
170318350003,7,0,56895.0,176000.0,36.0,0.1182033096926714,0.3136729222520107,0.061611374407582936,0.026164311878597593,0.17163788592360021,0.7367870225013082
170318350002,6,1,,160000.0,28.5,0.44425675675675674,0.0425531914893617,0.0,0.03451492537313433,0.4673507462686567,0.498134328358209
170318350004,9,5,,119100.0,60.3,0.0,0.2992957746478873,0.16104294478527606,0.0,0.6662234042553191,0.3337765957446808
170318350005,7,3,,,50.9,0.26811594202898553,0.504950495049505,0.0,0.0,0.3325740318906606,0.6674259681093394
170316603021,7,0,41610.0,159800.0,32.4,0.09743589743589744,0.0,0.08471760797342193,0.011494252873563218,0.025078369905956112,0.9634273772204807
170316904002,8,3,58234.0,164300.0,29.4,0.08499095840867993,0.44466403162055335,0.2545731707317073,0.0,1.0,0.0
170316904003,6,1,,,23.8,0.3702770780856423,0.808,0.258160237388724,0.0,1.0,0.0
170316904004,5,3,32536.0,173400.0,50.5,0.24104234527687296,0.34763948497854075,0.0,0.0,0.9669811320754716,0.0
170317302021,2,8,59457.0,166400.0,42.1,0.16808510638297872,0.13243243243243244,0.2372322899505766,0.0,0.9846491228070176,0.015350877192982455
170317302023,9,5,83051.0,289200.0,58.8,0.1148036253776435,0.07508532423208192,0.11210762331838565,0.06459627329192547,0.9229813664596274,0.012422360248447204
170317302013,5,3,,,34.5,0.23929471032745592,0.4602649006622517,0.0411663807890223,0.03048780487804878,0.9695121951219512,0.0
170317302011,9,5,58338.0,241000.0,51.7,0.23529411764705882,0.22540250447227192,0.09422222222222222,0.0,0.9421364985163204,0.000741839762611276
170317302014,2,8,84355.0,143400.0,38.4,0.025390625,0.2552742616033755,0.12724550898203593,0.0,0.8984088127294981,0.0
170317303001,9,5,49271.0,171000.0,49.6,0.26968503937007876,0.2561307901907357,0.12777053455019557,0.0,0.9788867562380038,0.0
170317304001,2,8,110365.0,135700.0,39.8,0.06422018348623854,0.10552763819095477,0.35919540229885055,0.005977796754910333,0.9692570452604612,0.0
170316606005,6,1,37575.0,229100.0,31.8,0.16161616161616163,0.10602409638554217,0.24705882352941178,0.0,0.5427940364439536,0.3241303147432358
170316604001,1,0,,238000.0,33.8,0.028328611898016998,0.14701378254211334,0.02074235807860262,0.009602194787379973,0.0,0.99039780521262
170316604004,7,0,39327.0,281200.0,30.0,0.22283813747228381,0.08701854493580599,0.08893709327548807,0.01098901098901099,0.0,0.989010989010989
170316605002,7,0,30035.0,239400.0,30.9,0.30297029702970296,0.08459214501510574,0.0,0.0734229576008273,0.045501551189245086,0.8810754912099276
170316605003,7,0,58063.0,208200.0,60.4,0.13526570048309178,0.0,0.0,0.21153846153846154,0.10314685314685315,0.6853146853146853
170316605004,7,0,63622.0,217900.0,36.7,0.14786967418546365,0.12352941176470589,0.04819277108433735,0.02486559139784946,0.0,0.9657258064516129
170316606001,7,0,36929.0,198300.0,26.1,0.16322701688555347,0.09865470852017937,0.02,0.00165929203539823,0.17533185840707965,0.8230088495575221
170316606002,7,0,28706.0,190300.0,26.9,0.291044776119403,0.14210526315789473,0.003367003367003367,0.0,0.13616071428571427,0.8638392857142857
170316606003,6,1,47418.0,216700.0,34.0,0.3159144893111639,0.3020833333333333,0.06076388888888889,0.0405727923627685,0.49761336515513127,0.4021479713603819
170316606004,7,0,,189400.0,28.3,0.21705426356589147,0.0,0.0,0.03283898305084746,0.4438559322033898,0.5233050847457628
170316607001,9,5,42569.0,107000.0,41.0,0.13360323886639677,0.16574585635359115,0.038834951456310676,0.0,0.7589098532494759,0.23060796645702306
170316607002,6,1,29375.0,161100.0,39.3,0.375,0.24333333333333335,0.07206068268015171,0.0,0.9491228070175438,0.05087719298245614
170316608001,6,1,42226.0,,20.3,0.3185689948892675,0.42,0.0861244019138756,0.0,0.5663230240549828,0.33608247422680415
170316608002,0,4,29326.0,252800.0,32.5,0.09392265193370165,0.050314465408805034,0.060995184590690206,0.0234375,0.6216517857142857,0.3549107142857143
170316911002,6,1,59783.0,159200.0,33.8,0.23615160349854228,0.2786259541984733,0.3295711060948081,0.00980392156862745,0.9640522875816994,0.008169934640522876
170316909004,6,1,,210400.0,35.7,0.19236417033773862,0.22,0.15504807692307693,0.027983539094650206,0.9720164609053498,0.0
170316909005,9,5,,188000.0,59.4,0.19767441860465115,0.20910973084886128,0.17216770740410348,0.0,0.9651452282157676,0.016597510373443983
170316910001,0,4,39438.0,222900.0,29.4,0.0,0.20588235294117646,0.2261682242990654,0.03674540682414698,0.8884514435695539,0.02230971128608924
170316910003,4,6,89345.0,323300.0,36.0,0.21081081081081082,0.0,0.3747841105354059,0.0,1.0,0.0
170316911001,9,5,,,43.1,0.22413793103448276,0.0,0.0,0.0,1.0,0.0
170316911003,5,3,83409.0,,38.8,0.0,0.6111111111111112,0.050314465408805034,0.0,1.0,0.0
170317305003,8,3,,140800.0,40.7,0.09734513274336283,0.5,0.24591836734693878,0.0,1.0,0.0
170317304002,10,8,100682.0,226700.0,45.1,0.034482758620689655,0.0755287009063444,0.15543478260869564,0.08672294704528012,0.8902532617037605,0.023023791250959325
170317305001,5,3,63440.0,149500.0,41.6,0.1434108527131783,0.4502262443438914,0.18949044585987262,0.0,1.0,0.0
170317305002,9,5,,118000.0,64.2,0.01639344262295082,0.4,0.27411167512690354,0.049773755656108594,0.9457013574660633,0.004524886877828055
170317306001,2,8,,,40.3,0.13142857142857142,0.17434210526315788,0.2135523613963039,0.0,1.0,0.0
170317307001,6,1,60250.0,180000.0,34.3,0.16493055555555555,0.2577962577962578,0.18207282913165265,0.0,1.0,0.0
170316609002,7,0,56840.0,260800.0,27.6,0.21370143149284254,0.09006622516556291,0.03467666354264293,0.02711864406779661,0.5326876513317191,0.39418886198547215
170316608003,2,8,96153.0,179600.0,40.2,0.009734513274336283,0.2037533512064343,0.18029350104821804,0.0,0.6201044386422977,0.37989556135770236
170316608005,7,0,27444.0,196200.0,34.0,0.14521452145214522,0.34555984555984554,0.1453551912568306,0.00851063829787234,0.42411347517730497,0.5326241134751774
170316914004,5,3,,128300.0,34.8,0.044444444444444446,0.5736434108527132,0.0,0.0,0.9735099337748344,0.026490066225165563
170316610001,0,4,,,36.3,0.0898876404494382,0.0,0.04585152838427948,0.0,0.6638655462184874,0.33613445378151263
170316610002,7,0,68933.0,168500.0,27.3,0.1826086956521739,0.23138297872340424,0.011235955056179775,0.010158013544018058,0.4288939051918736,0.54627539503386
170316610003,9,5,42344.0,195600.0,46.7,0.19654427645788336,0.06989247311827956,0.07932692307692307,0.011288805268109126,0.8570084666039511,0.1317027281279398
170316610004,2,8,47235.0,226500.0,44.6,0.1261904761904762,0.10289389067524116,0.2326086956521739,0.019553072625698324,0.9413407821229051,0.03910614525139665
170316610005,9,5,34074.0,220000.0,42.9,0.04479166666666667,0.16402714932126697,0.04202279202279202,0.040498442367601244,0.5347871235721703,0.21806853582554517
170316611001,5,3,69250.0,254000.0,42.6,0.08955223880597014,0.30662020905923343,0.08421052631578947,0.011686143572621035,0.5759599332220368,0.3672787979966611
170316611002,10,7,118665.0,215000.0,36.6,0.038869257950530034,0.14147018030513175,0.1408016443987667,0.0460431654676259,0.318705035971223,0.44316546762589926
170316912003,9,1,,250500.0,52.9,0.314540059347181,0.341991341991342,0.003134796238244514,0.024875621890547265,0.8930348258706468,0.022388059701492536
170316912001,0,4,33000.0,,29.2,0.05660377358490566,0.3485915492957746,0.07809523809523809,0.0,0.9965075669383003,0.0
170316914001,0,4,73355.0,217900.0,37.9,0.0,0.08088235294117647,0.04669260700389105,0.0,0.728125,0.196875
170316914002,5,3,32552.0,140000.0,17.6,0.28517110266159695,0.44680851063829785,0.04602510460251046,0.0015923566878980893,0.9331210191082803,0.04777070063694268
170316914005,9,5,59205.0,179100.0,51.7,0.19375,0.12403100775193798,0.19402985074626866,0.0,0.8380952380952381,0.0
170316915003,6,1,29000.0,98900.0,40.4,0.5882352941176471,0.04081632653061224,0.07526881720430108,0.0,0.911578947368421,0.08842105263157894
170316915001,6,1,12178.0,84400.0,31.8,0.41025641025641024,0.4782608695652174,0.17753623188405798,0.03529411764705882,0.9623529411764706,0.0
170317401001,10,2,153571.0,322000.0,38.0,0.030395136778115502,0.0,0.3094059405940594,0.7488151658767772,0.0,0.21169036334913113
170317401002,10,2,,328900.0,32.6,0.18674698795180722,0.11851851851851852,0.21728971962616822,0.9500780031201248,0.0,0.0499219968798752
170317401004,10,2,,233500.0,38.2,0.0,0.04816955684007707,0.12814070351758794,0.7868576242628476,0.016849199663016005,0.1962931760741365
170317402001,10,2,,320800.0,37.8,0.10398613518197573,0.05138339920948617,0.18829787234042553,0.7710336538461539,0.04567307692307692,0.13581730769230768
170317402002,10,2,122708.0,294400.0,41.3,0.02555366269165247,0.15384615384615385,0.3900523560209424,0.8267281105990784,0.0,0.16866359447004609
170316611003,7,0,74821.0,224400.0,29.5,0.22991071428571427,0.17391304347826086,0.15374149659863945,0.03650586701434159,0.4198174706649283,0.5436766623207301
170316611004,1,7,,217300.0,32.0,0.08086253369272237,0.03858520900321544,0.040339702760084924,0.04668304668304668,0.06388206388206388,0.8894348894348895
170316701001,5,3,,228100.0,25.2,0.07407407407407407,0.7933333333333333,0.06645569620253164,0.0,0.5016393442622951,0.49836065573770494
170316701002,6,1,22917.0,197200.0,35.4,0.3436426116838488,0.08900523560209424,0.059670781893004114,0.02088167053364269,0.7459396751740139,0.23317865429234338
170316703001,0,4,58229.0,206900.0,26.0,0.0,0.072,0.1452513966480447,0.0,0.8388278388278388,0.16117216117216118
170316703002,0,4,26894.0,,34.2,0.1574585635359116,0.09266409266409266,0.035919540229885055,0.05099150141643059,0.728989612842304,0.21813031161473087
170317001001,0,4,79388.0,199900.0,29.7,0.0690172543135784,0.14860426929392448,0.03897944720056697,0.01440677966101695,0.6334745762711864,0.34872881355932206
170317002001,7,0,60417.0,178100.0,39.4,0.13960546282245828,0.0,0.056831922611850064,0.07390648567119155,0.12745098039215685,0.7986425339366516
170317002004,1,7,113529.0,227400.0,39.2,0.08898015058179329,0.08564988730277986,0.12474645030425964,0.048174048174048176,0.053224553224553224,0.8888888888888888
170317002002,1,0,50781.0,235400.0,22.0,0.08166666666666667,0.06352087114337568,0.14227086183310533,0.06103896103896104,0.274025974025974,0.5902597402597403
170317003011,1,7,71354.0,243100.0,34.3,0.0655893536121673,0.0844354018311292,0.07158509861212564,0.2729026036644166,0.0935390549662488,0.6219864995178399
170317403003,10,2,157083.0,307400.0,41.7,0.015250544662309368,0.05530973451327434,0.2222222222222222,0.9226932668329177,0.0,0.0773067331670823
170317403004,10,2,93472.0,248800.0,40.1,0.02771362586605081,0.0,0.2752659574468085,0.9809264305177112,0.0,0.012715712988192553
170317403005,10,2,171250.0,322400.0,34.4,0.09466437177280551,0.025096525096525095,0.40062111801242234,0.8721973094170403,0.0,0.12780269058295965
170317404003,10,2,60613.0,289200.0,38.1,0.11370716510903427,0.03163444639718805,0.19157894736842104,0.8062442607897153,0.11065197428833792,0.06060606060606061
170317501001,8,3,84671.0,196900.0,31.0,0.10149750415973377,0.2351851851851852,0.14044213263979194,0.22613065326633167,0.7110552763819096,0.046063651591289785
170317501002,2,8,,203000.0,41.8,0.06361323155216285,0.0,0.3236641221374046,0.0,1.0,0.0
170317501004,6,1,47582.0,116400.0,37.8,0.547945205479452,0.0,0.1683673469387755,0.0,1.0,0.0
170317504001,10,2,89774.0,308400.0,55.7,0.10500610500610501,0.040927694406548434,0.28111401218450827,0.6978465679676985,0.046433378196500674,0.13055181695827725
170316707001,7,0,41397.0,170700.0,29.5,0.18115942028985507,0.0,0.12244897959183673,0.0,0.4899057873485868,0.4185733512786003
170316709001,6,1,41993.0,213100.0,36.5,0.20964360587002095,0.22811671087533156,0.0,0.09125475285171103,0.6362484157160964,0.27249683143219267
170316712001,6,1,40286.0,89100.0,29.9,0.2601010101010101,0.17747440273037543,0.13541666666666666,0.014285714285714285,0.7726190476190476,0.1988095238095238
170316713002,9,5,36746.0,114600.0,49.5,0.18274111675126903,0.0,0.07277628032345014,0.0,0.8378947368421052,0.16210526315789472
170316713003,6,1,23716.0,83800.0,34.7,0.4101123595505618,0.49523809523809526,0.0,0.0,0.8779599271402551,0.122040072859745
170317003021,1,7,70833.0,276100.0,28.3,0.16380952380952382,0.15261958997722094,0.07881773399014778,0.2525651144435675,0.11838989739542226,0.6290449881610103
170317502001,0,4,85741.0,300000.0,32.6,0.03231292517006803,0.022847100175746926,0.08446866485013624,0.03333333333333333,0.957843137254902,0.0
170317502002,2,8,39309.0,114400.0,41.9,0.07868852459016394,0.03225806451612903,0.2112676056338028,0.24225865209471767,0.7340619307832422,0.023679417122040074
170317502003,3,9,117393.0,362000.0,28.0,0.0,0.26666666666666666,0.4680306905370844,0.7407952871870398,0.10456553755522828,0.15463917525773196
170317502004,9,5,46685.0,223400.0,61.3,0.29336188436830835,0.12727272727272726,0.18427230046948356,0.3068309070548712,0.5072788353863382,0.022396416573348264
170317503001,10,2,143333.0,330000.0,45.0,0.019417475728155338,0.09375,0.2693726937269373,0.936542669584245,0.0,0.0
170317503002,10,2,117571.0,300000.0,32.6,0.017660044150110375,0.029213483146067417,0.2859848484848485,0.6445859872611465,0.18471337579617833,0.08662420382165605
170317503003,10,2,141000.0,338400.0,46.1,0.05046728971962617,0.15551181102362205,0.34668989547038326,0.9704840613931524,0.0,0.02243211334120425
170317504002,10,2,128750.0,276500.0,47.9,0.05641025641025641,0.05434782608695652,0.1669902912621359,0.14485981308411214,0.7990654205607477,0.0
170316720001,6,1,,123400.0,23.9,0.2665505226480836,0.16389548693586697,0.0,0.0,0.7696019300361882,0.23039806996381182
170316714001,5,3,25771.0,158200.0,57.3,0.028368794326241134,0.42528735632183906,0.0,0.0,0.42358078602620086,0.23871906841339155
170316714002,6,1,39583.0,125700.0,41.1,0.250936329588015,0.21693121693121692,0.046620046620046623,0.0,0.7859477124183006,0.21405228758169934
170316715001,2,8,,92300.0,41.2,0.0,0.25,0.25,0.0,0.9230769230769231,0.07692307692307693
170316716001,9,1,12991.0,,58.6,0.5546875,0.543859649122807,0.03314917127071823,0.027375201288244767,0.8438003220611916,0.04830917874396135
170316716003,6,1,,54100.0,44.8,0.5289256198347108,0.0,0.08955223880597014,0.07216494845360824,0.9278350515463918,0.0
170318349001,6,1,29297.0,,43.6,0.44776119402985076,0.35135135135135137,0.1518987341772152,0.0,1.0,0.0
170317004022,0,4,71681.0,193500.0,34.8,0.03684210526315789,0.22762645914396887,0.09936305732484077,0.07248764415156507,0.5749588138385503,0.2990115321252059
170317004021,7,0,77067.0,223100.0,34.2,0.2253968253968254,0.08196721311475409,0.008048289738430584,0.08826815642458101,0.2223463687150838,0.6893854748603352
170317004012,7,0,81852.0,212200.0,34.8,0.19220308250226656,0.12441314553990611,0.06787330316742081,0.03739837398373984,0.3463414634146341,0.616260162601626
170317005012,10,2,135037.0,213300.0,43.4,0.0,0.013605442176870748,0.191904047976012,0.13553113553113552,0.8388278388278388,0.02564102564102564
170317005011,2,8,68061.0,172500.0,47.0,0.06077348066298342,0.11947431302270012,0.3266171792152704,0.0,0.9554494828957836,0.0
170317005013,7,0,,213600.0,47.7,0.16129032258064516,0.1596153846153846,0.14206128133704735,0.008490566037735849,0.529245283018868,0.44528301886792454
170317504003,10,2,104870.0,236700.0,40.9,0.0,0.0,0.5080091533180778,0.6465256797583081,0.13746223564954682,0.19184290030211482
170317505001,4,2,,335600.0,57.5,0.2633390705679862,0.08411214953271028,0.1483321504613201,0.6795774647887324,0.2846244131455399,0.027582159624413145
170317505002,2,8,78487.0,,38.0,0.0,0.21621621621621623,0.28365384615384615,0.09807692307692308,0.9019230769230769,0.0
170317506001,0,8,64235.0,165700.0,33.6,0.02330097087378641,0.0,0.2678132678132678,0.0,0.9905808477237049,0.0
170317506002,0,4,33824.0,178000.0,30.7,0.014084507042253521,0.13142857142857142,0.10845986984815618,0.0,0.962457337883959,0.019340159271899887
170317102004,5,3,,154200.0,35.1,0.23127035830618892,0.4067796610169492,0.08150470219435736,0.07762096774193548,0.9223790322580645,0.0
170316720002,6,1,,112800.0,45.6,0.38072289156626504,0.24324324324324326,0.0631768953068592,0.0,0.9145860709592641,0.08278580814717477
170316720004,0,4,,212700.0,34.6,0.0,0.0,0.03116883116883117,0.002053388090349076,0.7351129363449692,0.08829568788501027
170318346002,9,5,32808.0,259200.0,50.7,0.18629550321199143,0.0868421052631579,0.05286343612334802,0.01868131868131868,0.9010989010989011,0.06263736263736264
170317005014,9,5,,222000.0,54.6,0.013630731102850062,0.15682967959527824,0.12410501193317422,0.024407753050969132,0.7530509691313712,0.0
170317102003,9,5,39758.0,147600.0,52.6,0.192090395480226,0.07342657342657342,0.03636363636363636,0.0,1.0,0.0
170317102005,9,5,15475.0,126700.0,64.6,0.13190184049079753,0.19607843137254902,0.07026348808030113,0.0,1.0,0.0
170317104001,9,5,15843.0,,72.7,0.0,0.0,0.0,0.0,1.0,0.0
170317104002,9,1,11218.0,,49.8,0.41643835616438357,0.046948356807511735,0.1588628762541806,0.0,1.0,0.0
170316502006,3,9,143185.0,239500.0,43.7,0.0,0.17358490566037735,0.49707602339181284,0.25925925925925924,0.0,0.7407407407407407
170317104006,2,8,77372.0,183000.0,43.3,0.03837953091684435,0.188470066518847,0.3333333333333333,0.0,0.945179584120983,0.0
170317506003,2,8,61250.0,126500.0,43.9,0.0,0.2,0.11081081081081082,0.04221388367729831,0.9427767354596623,0.0150093808630394
170318347001,6,1,15375.0,93500.0,37.4,0.17525773195876287,0.25625,0.09350649350649351,0.0,0.5857988165680473,0.34714003944773175
170318347002,2,8,,169400.0,43.9,0.29120879120879123,0.16363636363636364,0.20098039215686275,0.04950495049504951,0.8844884488448845,0.066006600660066
170316805001,0,4,39306.0,92900.0,28.9,0.07213578500707214,0.12804878048780488,0.07345971563981042,0.036635006784260515,0.7028493894165536,0.26051560379918587
170316809003,2,5,41679.0,162500.0,52.0,0.3005181347150259,0.08235294117647059,0.1632928475033738,0.020242914979757085,0.979757085020243,0.0
170317105001,0,4,31000.0,216000.0,30.0,0.14285714285714285,0.23059360730593606,0.09206349206349207,0.0,0.9397590361445783,0.03442340791738382
170317106001,5,3,50238.0,159400.0,52.5,0.20095693779904306,0.5888157894736842,0.08333333333333333,0.0,0.979702300405954,0.0
170317107001,5,3,18520.0,226900.0,49.1,0.2023121387283237,0.3188405797101449,0.04143646408839779,0.004081632653061225,0.963265306122449,0.0020408163265306124
170317107004,6,1,52054.0,185700.0,30.6,0.21150592216582065,0.20600858369098712,0.0996309963099631,0.0,0.9992737835875091,0.0
170317108001,9,5,55281.0,,42.6,0.2546419098143236,0.0,0.07459677419354839,0.0,0.9491059147180193,0.0
170317108003,2,1,,165000.0,39.8,0.36212624584717606,0.0,0.2131578947368421,0.0,1.0,0.0
170317108004,0,4,,,14.9,0.09056603773584905,0.11618257261410789,0.0,0.0,1.0,0.0
170317108006,6,1,35267.0,,46.3,0.4358288770053476,0.5734597156398105,0.00273224043715847,0.0184645286686103,0.9689018464528668,0.0
170317109001,5,3,39519.0,131700.0,36.9,0.18911174785100288,0.45660377358490567,0.0855397148676171,0.0,1.0,0.0
170317110003,0,4,39250.0,186300.0,31.6,0.15204678362573099,0.0,0.0,0.0,0.8791593695271454,0.0
170317110001,0,4,,167600.0,35.0,0.1405152224824356,0.16348773841961853,0.043568464730290454,0.0,1.0,0.0
170317111001,9,3,,157300.0,49.2,0.28532608695652173,0.4790874524714829,0.13733075435203096,0.0,1.0,0.0
170317111002,9,5,48629.0,195500.0,50.2,0.14659685863874344,0.147239263803681,0.15850515463917525,0.0,1.0,0.0
170317111003,6,1,,205900.0,23.8,0.39657631954350925,0.004728132387706856,0.10132890365448505,0.0,0.9266886326194399,0.06672158154859967
170317112001,9,5,54557.0,173100.0,42.2,0.241869918699187,0.05056179775280899,0.05105853051058531,0.010638297872340425,0.8928571428571429,0.0
170317112002,9,5,26620.0,205100.0,49.7,0.21266968325791855,0.22413793103448276,0.1660839160839161,0.0110803324099723,0.9418282548476454,0.024930747922437674
170314605002,6,1,53194.0,185400.0,32.1,0.25443786982248523,0.15079365079365079,0.08292682926829269,0.0,0.9578163771712159,0.0
170318388001,7,0,,,39.7,0.0,0.32051282051282054,0.03305785123966942,0.0,0.4989816700610998,0.5010183299389002
170318428001,1,0,60461.0,222200.0,24.8,0.0,0.4327354260089686,0.15755627009646303,0.07430340557275542,0.0,0.9256965944272446
170316707002,6,1,28155.0,91900.0,31.8,0.34502923976608185,0.16071428571428573,0.0,0.0,0.7048710601719198,0.29512893982808025
